{"stats":{"minecraft:picked_up":{"minecraft:azure_bluet":2,"minecraft:charcoal":8,"minecraft:crafting_table":3,"minecraft:iron_chestplate":7,"minecraft:wheat":1,"minecraft:flower_pot":1,"minecraft:clay_ball":4,"minecraft:wooden_pickaxe":1,"minecraft:oak_stairs":12,"minecraft:stone_brick_wall":2,"minecraft:shield":1,"born_in_chaos_v1:black_argillite":1,"minecraft:string":1,"minecraft:raw_copper":6,"minecraft:smooth_stone_slab":3,"minecraft:iron_leggings":4,"minecraft:item_frame":9,"minecraft:experience_bottle":2,"minecraft:iron_shovel":1,"minecraft:zombie_head":1,"minecraft:blue_orchid":1,"minecraft:oak_sign":3,"minecraft:spruce_planks":5,"minecraft:poppy":1,"minecraft:iron_pickaxe":2,"minecraft:coal_block":6,"minecraft:chest":3,"minecraft:iron_boots":4,"minecraft:furnace":9,"minecraft:stick":4,"minecraft:raw_iron":38,"minecraft:stone":6,"minecraft:oak_door":1,"darkestsouls:torn_cloth_piece":1,"minecraft:big_dripleaf":6,"minecraft:oak_fence":13,"sophisticatedbackpacks:backpack":2,"minecraft:porkchop":3,"minecraft:stone_pressure_plate":2,"minecraft:brown_carpet":1,"minecraft:arrow":1,"minecraft:tropical_fish":1,"minecraft:pumpkin_pie":2,"minecraft:shears":1,"minecraft:hay_block":7,"darkestsouls:quicksilver":46,"minecraft:saddle":1,"minecraft:glow_berries":17,"minecraft:mutton":12,"minecraft:snowball":16,"minecraft:white_wool":11,"minecraft:cobblestone":93,"minecraft:oxeye_daisy":1,"minecraft:brown_wool":2,"minecraft:smoker":1,"minecraft:potato":9,"darkestsouls:cinnabar":65,"minecraft:oak_log":33,"minecraft:wooden_hoe":2,"minecraft:dirt":145,"minecraft:lantern":2,"minecraft:white_banner":1,"minecraft:leather_boots":2,"minecraft:bone":2,"minecraft:stone_bricks":61,"minecraft:bow":2,"minecraft:wheat_seeds":6,"minecraft:iron_ingot":3,"minecraft:rabbit":2,"minecraft:moss_block":16,"minecraft:iron_sword":1,"minecraft:oak_planks":8,"minecraft:book":66,"minecraft:scaffolding":2,"minecraft:oak_slab":13,"minecraft:cooked_porkchop":3,"minecraft:sweet_berries":11,"darkestsouls:rusty_mail_scrap":1,"minecraft:dandelion":1,"minecraft:oak_pressure_plate":2,"minecraft:white_bed":4,"minecraft:spruce_log":29,"minecraft:loom":1,"darkestsouls:siderite_fragment":8,"minecraft:iron_helmet":4,"minecraft:emerald":1,"minecraft:black_wool":3,"minecraft:coal":30},"minecraft:used":{"minecraft:oak_fence":45,"minecraft:chest":5,"minecraft:spruce_planks":58,"minecraft:shield":1,"minecraft:iron_sword":72,"minecraft:oak_door":1,"minecraft:snowball":16,"minecraft:oak_stairs":12,"minecraft:stone_bricks":26,"minecraft:furnace":6,"darkestsouls:chaos_staff":7,"minecraft:stone_pickaxe":70,"minecraft:oak_planks":12,"minecraft:wooden_pickaxe":9,"minecraft:salmon":1,"minecraft:glow_berries":29,"minecraft:oak_slab":6,"minecraft:crafting_table":3,"minecraft:blast_furnace":1,"minecraft:white_bed":3,"minecraft:spruce_log":5,"minecraft:smoker":1,"minecraft:wooden_hoe":55,"minecraft:bread":7,"minecraft:iron_pickaxe":232,"minecraft:stone_axe":136,"minecraft:cobblestone":12,"minecraft:cooked_porkchop":3,"alexsmobs:animal_dictionary":1},"minecraft:killed":{"darkestsouls:ashen_blood_beast_patient":1,"darkestsouls:hollow_longsword":1,"minecraft:tropical_fish":1,"born_in_chaos_v1:spiritof_chaos":1,"darkestsouls:gravetender_hollow_broken_straightsword":1,"minecraft:sheep":5,"darkestsouls:huntsman_rifle":1,"minecraft:villager":1},"minecraft:killed_by":{"minecraft:player":1},"minecraft:broken":{"minecraft:stone_axe":1},"minecraft:crafted":{"minecraft:oak_door":3,"minecraft:smooth_stone":8,"minecraft:oak_planks":132,"minecraft:furnace":3,"minecraft:blast_furnace":1,"minecraft:stone":13,"minecraft:stone_pickaxe":1,"minecraft:chest":2,"minecraft:oak_fence":48,"minecraft:crafting_table":1,"minecraft:spruce_planks":28,"minecraft:wooden_pickaxe":1,"minecraft:iron_sword":1,"darkestsouls:quicksilver":20,"minecraft:stone_axe":1,"minecraft:air":0,"minecraft:wooden_hoe":1,"minecraft:shield":1,"minecraft:stick":88,"minecraft:iron_ingot":12,"minecraft:iron_pickaxe":1},"minecraft:mined":{"darkestsouls:siderite_ore":4,"minecraft:white_bed":4,"minecraft:spruce_planks":2,"minecraft:oak_door":1,"minecraft:potted_blue_orchid":1,"minecraft:stone_brick_wall":2,"minecraft:grass_block":5,"born_in_chaos_v1:black_argillite":1,"minecraft:white_stained_glass":1,"minecraft:oak_pressure_plate":2,"minecraft:coal_block":6,"minecraft:spruce_leaves":2,"minecraft:moss_block":13,"minecraft:oxeye_daisy":1,"minecraft:oak_wall_sign":1,"minecraft:hay_block":20,"minecraft:furnace":7,"minecraft:iron_ore":30,"minecraft:big_dripleaf_stem":1,"minecraft:azure_bluet":1,"minecraft:bookshelf":22,"minecraft:cave_vines":6,"minecraft:vine":1,"minecraft:oak_stairs":16,"minecraft:lantern":1,"minecraft:white_banner":1,"minecraft:stone":93,"minecraft:white_wool":4,"minecraft:oak_slab":12,"minecraft:scaffolding":2,"minecraft:glass_pane":1,"minecraft:smoker":1,"minecraft:dandelion":1,"minecraft:powder_snow":3,"minecraft:clay":1,"minecraft:oak_fence":16,"minecraft:crafting_table":2,"minecraft:poppy":1,"minecraft:chest":3,"minecraft:campfire":4,"minecraft:copper_ore":1,"minecraft:tall_grass":12,"minecraft:cobblestone":6,"minecraft:oak_planks":6,"minecraft:beehive":1,"minecraft:wheat":1,"minecraft:sweet_berry_bush":5,"minecraft:spruce_log":9,"minecraft:stone_brick_stairs":1,"minecraft:smooth_stone_slab":3,"minecraft:grass":42,"minecraft:oak_log":33,"minecraft:coal_ore":19,"darkestsouls:cinnabar_ore":44,"minecraft:zombie_head":1,"minecraft:loom":1,"minecraft:dirt":4,"minecraft:stone_bricks":62,"minecraft:oak_leaves":1},"minecraft:dropped":{"darkestsouls:cinnabar":7,"minecraft:iron_sword":1,"minecraft:oak_slab":4,"minecraft:moss_block":16,"minecraft:porkchop":3,"minecraft:wheat_seeds":1,"minecraft:crafting_table":1,"minecraft:iron_helmet":2,"minecraft:tropical_fish":1,"minecraft:coal":2,"minecraft:item_frame":4,"minecraft:stick":2,"minecraft:dirt":56,"born_in_chaos_v1:black_argillite":1,"minecraft:wooden_hoe":1,"minecraft:brown_wool":1,"minecraft:iron_leggings":2,"minecraft:iron_pickaxe":1,"minecraft:string":1,"minecraft:white_wool":6,"darkestsouls:siderite_fragment":8,"minecraft:furnace":5,"minecraft:raw_copper":6,"darkestsouls:torn_cloth_piece":1,"minecraft:clay_ball":4,"minecraft:iron_boots":2,"sophisticatedbackpacks:backpack":1,"minecraft:azure_bluet":1,"minecraft:shears":1,"minecraft:big_dripleaf":6,"minecraft:poppy":1,"minecraft:stone":11,"minecraft:shield":1,"minecraft:flower_pot":1,"minecraft:spruce_planks":3,"minecraft:iron_chestplate":5,"minecraft:leather_boots":2,"darkestsouls:quicksilver":45,"minecraft:stone_pressure_plate":2,"minecraft:stone_bricks":1,"minecraft:brown_carpet":1,"minecraft:spruce_log":10,"minecraft:blue_orchid":1,"minecraft:bow":1,"minecraft:stone_pickaxe":1,"minecraft:wooden_pickaxe":2},"minecraft:custom":{"minecraft:mob_kills":13,"minecraft:interact_with_crafting_table":30,"minecraft:open_barrel":1,"minecraft:eat_cake_slice":3,"minecraft:leave_game":5,"minecraft:time_since_death":78954,"minecraft:climb_one_cm":1613,"minecraft:sprint_one_cm":183380,"minecraft:walk_one_cm":325497,"minecraft:damage_blocked_by_shield":35,"minecraft:drop":81,"minecraft:play_time":90564,"minecraft:deaths":1,"minecraft:sneak_time":3670,"minecraft:walk_under_water_one_cm":11918,"minecraft:jump":794,"minecraft:interact_with_blast_furnace":1,"minecraft:walk_on_water_one_cm":19210,"minecraft:total_world_time":90564,"minecraft:interact_with_furnace":27,"minecraft:interact_with_loom":2,"minecraft:sleep_in_bed":4,"minecraft:time_since_rest":4823,"minecraft:damage_taken":954,"minecraft:damage_dealt":2375,"minecraft:player_kills":1,"minecraft:swim_one_cm":2448,"minecraft:fly_one_cm":223827,"minecraft:open_chest":35,"minecraft:crouch_one_cm":8668,"minecraft:fall_one_cm":17952}},"DataVersion":3465}