{"stats":{"minecraft:mined":{"twilightforest:cracked_etched_nagastone":1,"minecraft:white_bed":7,"minecraft:carved_pumpkin":1,"alexscaves:limestone":3,"minecraft:obsidian":15,"minecraft:red_sand":30,"born_in_chaos_v1:dark_metal_deposit":3,"minecraft:stone_brick_wall":5,"minecraft:jungle_log":8,"minecraft:oak_pressure_plate":2,"darkestsouls:deepslate_siderite_ore":5,"minecraft:coal_block":6,"minecraft:oak_wall_sign":1,"minecraft:oxeye_daisy":1,"minecraft:spawner":3,"minecraft:magma_block":8,"minecraft:fire":8,"twilightforest:twilight_oak_wood":1,"minecraft:pumpkin":8,"minecraft:fletching_table":4,"minecraft:deepslate_lapis_ore":8,"minecraft:twisting_vines":1,"minecraft:sculk_shrieker":8,"minecraft:cave_vines":7,"minecraft:dirt_path":11,"minecraft:oak_stairs":16,"minecraft:white_banner":1,"minecraft:kelp_plant":1,"minecraft:smoker":2,"minecraft:crimson_nylium":1,"minecraft:powder_snow":3,"born_in_chaos_v1:infected_deepslate_diamond_ore":2,"minecraft:torch":1,"twilightforest:spiral_bricks":2,"minecraft:blast_furnace":6,"minecraft:wheat":2,"born_in_chaos_v1:black_argillite_brick":1,"minecraft:stone_brick_stairs":3,"minecraft:grass":165,"minecraft:oak_fence_gate":1,"minecraft:loom":2,"minecraft:smooth_basalt":2,"minecraft:zombie_wall_head":1,"minecraft:deepslate":23,"alexscaves:flood_basalt":15,"alexscaves:primal_magma":6,"born_in_chaos_v1:black_argillite":10,"darkestsouls:nether_cinnabar_ore":4,"minecraft:moss_block":18,"twilightforest:twilight_oak_leaves":3,"minecraft:big_dripleaf_stem":2,"minecraft:vine":1,"minecraft:rail":1,"minecraft:white_wool":4,"minecraft:smithing_table":4,"minecraft:oak_slab":15,"minecraft:glass_pane":1,"minecraft:dandelion":1,"alexscaves:flytrap":1,"minecraft:warped_roots":1,"minecraft:campfire":4,"twilightforest:nagastone":1,"minecraft:tall_grass":57,"minecraft:copper_ore":4,"minecraft:deepslate_gold_ore":18,"minecraft:diorite":6,"minecraft:coarse_dirt":2,"minecraft:spruce_log":525,"minecraft:birch_leaves":1,"alexscaves:cycad":1,"minecraft:zombie_head":1,"minecraft:gravel":339,"minecraft:cobweb":12,"minecraft:stone_bricks":69,"minecraft:fern":5,"darkestsouls:siderite_ore":13,"minecraft:spruce_planks":11,"minecraft:farmland":1,"minecraft:sculk_vein":18,"minecraft:potted_blue_orchid":1,"minecraft:orange_wool":1,"minecraft:brewing_stand":2,"minecraft:grass_block":101,"minecraft:composter":8,"minecraft:sculk_catalyst":1,"minecraft:iron_ore":75,"born_in_chaos_v1:black_argillite_brick_stairs":2,"alexscaves:amber_monolith":1,"minecraft:azure_bluet":1,"minecraft:blackstone":13,"alexscaves:dinosaur_chop":2,"minecraft:clay":3,"minecraft:poppy":1,"minecraft:chest":4,"twilightforest:twilight_oak_log":2,"minecraft:nether_quartz_ore":95,"minecraft:cobblestone":10,"minecraft:grindstone":1,"minecraft:oak_planks":37,"minecraft:wall_torch":1,"minecraft:warped_nylium":7,"born_in_chaos_v1:river_mint":1,"twilightforest:root":2,"minecraft:smooth_stone_slab":4,"minecraft:oak_log":139,"minecraft:dirt":54,"minecraft:netherrack":128,"minecraft:oak_leaves":7,"minecraft:nether_gold_ore":13,"minecraft:tuff":7,"minecraft:dark_oak_leaves":10,"minecraft:deepslate_diamond_ore":39,"minecraft:oak_door":1,"born_in_chaos_v1:infected_diamond_ore":2,"minecraft:lever":1,"minecraft:decorated_pot":1,"minecraft:white_stained_glass":1,"minecraft:spruce_leaves":38,"minecraft:large_fern":8,"minecraft:hay_block":37,"minecraft:oak_trapdoor":5,"minecraft:spruce_sapling":4,"minecraft:furnace":7,"minecraft:bookshelf":29,"minecraft:deepslate_iron_ore":7,"minecraft:lantern":1,"alexscaves:curly_fern":7,"minecraft:stone":127,"twilightforest:mossy_etched_nagastone":2,"minecraft:scaffolding":2,"minecraft:flowering_azalea":1,"minecraft:oak_fence":21,"minecraft:crafting_table":2,"minecraft:rose_bush":1,"minecraft:sculk_sensor":7,"minecraft:lectern":11,"minecraft:stone_slab":1,"born_in_chaos_v1:chipped_black_argillite_brick":1,"minecraft:lapis_ore":10,"minecraft:sculk":285,"twilightforest:mayapple":3,"minecraft:beehive":1,"minecraft:sweet_berry_bush":5,"minecraft:gray_bed":1,"minecraft:yellow_bed":3,"twilightforest:cicada_jar":1,"minecraft:coal_ore":138,"darkestsouls:cinnabar_ore":44,"minecraft:gray_carpet":1,"minecraft:cracked_stone_bricks":1,"minecraft:mossy_stone_bricks":4},"minecraft:broken":{"minecraft:diamond_helmet":1,"minecraft:iron_boots":1,"minecraft:iron_hoe":1,"minecraft:shield":1,"minecraft:iron_axe":1,"minecraft:iron_helmet":2,"minecraft:diamond_boots":1,"minecraft:stone_axe":1},"minecraft:crafted":{"minecraft:smooth_stone":8,"sophisticatedbackpacks:crafting_upgrade":1,"minecraft:diamond_shovel":1,"minecraft:bookshelf":30,"minecraft:cooked_mutton":2,"minecraft:diamond_helmet":2,"minecraft:diamond_leggings":1,"aether:diamond_gloves":1,"minecraft:wooden_shovel":1,"minecraft:emerald":155,"minecraft:diamond_axe":1,"minecraft:smithing_table":1,"minecraft:fletching_table":2,"minecraft:lectern":1,"minecraft:wooden_hoe":1,"minecraft:stone_slab":6,"minecraft:iron_pickaxe":2,"minecraft:gold_ingot":10,"minecraft:composter":1,"minecraft:stone_shovel":1,"minecraft:diamond_hoe":2,"minecraft:bone_meal":99,"minecraft:spruce_slab":6,"minecraft:stone_pickaxe":1,"minecraft:diamond_boots":2,"minecraft:wheat":432,"alexscaves:cooked_dinosaur_chop":4,"minecraft:enchanting_table":1,"sophisticatedbackpacks:gold_backpack":1,"darkestsouls:quicksilver":59,"alexscaves:pewen_slab":12,"minecraft:oak_fence_gate":2,"minecraft:flint":260,"minecraft:iron_leggings":2,"minecraft:grindstone":1,"minecraft:oak_planks":552,"minecraft:stone":16,"alexscaves:pewen_planks":40,"born_in_chaos_v1:dark_metal_ingot":2,"minecraft:iron_boots":1,"minecraft:chest":9,"minecraft:oak_button":32,"minecraft:stone_hoe":3,"minecraft:oak_fence":87,"born_in_chaos_v1:pileof_dark_metal":1,"minecraft:oak_slab":18,"minecraft:crafting_table":4,"minecraft:spruce_planks":2152,"minecraft:wooden_pickaxe":1,"minecraft:iron_helmet":3,"minecraft:pumpkin_seeds":32,"sophisticatedbackpacks:upgrade_base":1,"minecraft:diamond_pickaxe":1,"minecraft:shield":2,"sophisticatedbackpacks:diamond_backpack":1,"minecraft:stick":4381,"minecraft:iron_ingot":83,"minecraft:shears":1,"minecraft:oak_door":3,"minecraft:fishing_rod":1,"minecraft:furnace":3,"minecraft:blast_furnace":1,"minecraft:flint_and_steel":1,"minecraft:iron_axe":1,"minecraft:iron_hoe":2,"sophisticatedbackpacks:iron_backpack":1,"minecraft:diamond_sword":2,"minecraft:iron_sword":1,"minecraft:bucket":1,"minecraft:stone_axe":13,"minecraft:bread":267,"minecraft:air":0,"minecraft:oak_boat":2,"minecraft:pumpkin_pie":20,"minecraft:torch":104,"minecraft:diamond_chestplate":2},"minecraft:used":{"minecraft:moss_block":2,"minecraft:spruce_slab":4,"minecraft:chest":12,"born_in_chaos_v1:soul_cutlass":679,"minecraft:snowball":16,"minecraft:lava_bucket":5,"minecraft:furnace":6,"minecraft:wooden_pickaxe":9,"minecraft:composter":9,"minecraft:golden_apple":4,"minecraft:glow_berries":29,"minecraft:blast_furnace":8,"minecraft:pumpkin_seeds":8,"minecraft:zombie_head":2,"minecraft:lectern":12,"minecraft:diamond_sword":316,"minecraft:smithing_table":5,"minecraft:oak_boat":4,"minecraft:enchanting_table":2,"alexscaves:amber_monolith":1,"minecraft:netherrack":30,"minecraft:torch":117,"minecraft:brewing_stand":2,"minecraft:oak_fence_gate":2,"minecraft:iron_axe":282,"minecraft:diamond_chestplate":1,"minecraft:cobbled_deepslate":3,"minecraft:water_bucket":39,"darkestsouls:chaos_staff":7,"minecraft:fletching_table":5,"alexscaves:primitive_club":15,"minecraft:salmon":1,"minecraft:oak_slab":9,"minecraft:crafting_table":3,"minecraft:white_bed":9,"minecraft:spruce_log":16,"minecraft:diamond_pickaxe":697,"minecraft:diamond_shovel":534,"minecraft:iron_pickaxe":269,"minecraft:spruce_sapling":64,"alexscaves:subterranodon_egg":1,"minecraft:cobblestone":23,"minecraft:potion":4,"minecraft:cooked_porkchop":3,"minecraft:diamond_leggings":1,"minecraft:shield":131,"minecraft:iron_sword":228,"minecraft:obsidian":10,"born_in_chaos_v1:corpse_maggot":1,"alexscaves:amber":1,"minecraft:stone_bricks":26,"minecraft:written_book":1,"minecraft:gray_bed":4,"minecraft:stone_pickaxe":70,"minecraft:oak_planks":48,"minecraft:diamond_axe":553,"minecraft:shears":17,"minecraft:bread":169,"born_in_chaos_v1:pumpkin_staff":14,"minecraft:gravel":29,"minecraft:grindstone":2,"minecraft:bone_meal":27,"minecraft:experience_bottle":3,"minecraft:oak_fence":102,"minecraft:flint_and_steel":3,"minecraft:tropical_fish":1,"minecraft:stone_shovel":2,"minecraft:spruce_planks":63,"minecraft:wooden_shovel":63,"minecraft:stone_hoe":63,"minecraft:oak_door":1,"minecraft:dirt":16,"alexscaves:limestone":3,"minecraft:iron_hoe":263,"alexscaves:limestone_spear":16,"minecraft:bookshelf":50,"minecraft:oak_stairs":12,"minecraft:iron_leggings":1,"alexsmobs:blobfish":1,"alexscaves:dinosaur_nugget":2,"alexscaves:dinosaur_chop":2,"minecraft:smoker":2,"alexscaves:pewen_planks":2,"minecraft:wooden_hoe":55,"minecraft:chicken":1,"minecraft:stone_axe":136,"minecraft:bucket":46,"minecraft:yellow_bed":3,"minecraft:pumpkin_pie":9,"alexsmobs:animal_dictionary":2},"minecraft:killed":{"darkestsouls:gravetender_hollow_longsword":2,"born_in_chaos_v1:mr_pumpkin":1,"born_in_chaos_v1:zombie_lumberjack":1,"darkestsouls:ashen_blood_beast_patient":3,"minecraft:skeleton":13,"minecraft:chicken":4,"minecraft:tropical_fish":1,"minecraft:iron_golem":8,"darkestsouls:gravetender_hollow_broken_straightsword":1,"darkestsouls:skeleton_spear":7,"minecraft:pillager":7,"minecraft:zombie":18,"born_in_chaos_v1:corpse_fly":5,"born_in_chaos_v1:door_knight":1,"minecraft:cow":4,"twilightforest:winter_wolf":1,"darkestsouls:church_doctor":1,"darkestsouls:hollow_broken_straightsword":2,"twilightforest:death_tome":4,"born_in_chaos_v1:barrel_zombie":1,"born_in_chaos_v1:spiritof_chaos":1,"minecraft:husk":4,"twilightforest:kobold":2,"born_in_chaos_v1:decrepit_skeleton":2,"alexsmobs:gelada_monkey":1,"born_in_chaos_v1:dark_vortex":2,"alexscaves:grottoceratops":3,"darkestsouls:bonewheel":1,"minecraft:zombified_piglin":1,"minecraft:witch":1,"darkestsouls:skeleton_curved_swords":2,"minecraft:spider":3,"darkestsouls:leech":1,"darkestsouls:sewer_centipede":1,"darkestsouls:beast_patient":7,"darkestsouls:hollow_assassin":4,"darkestsouls:hollow_longsword":2,"minecraft:piglin_brute":1,"alexsmobs:anteater":1,"minecraft:zombie_villager":3,"born_in_chaos_v1:diamond_termite":6,"minecraft:sheep":11,"aether:zephyr":1,"darkestsouls:hollow_crossbow":4,"born_in_chaos_v1:zombie_fisherman":1,"darkestsouls:huntsman_rifle":1,"alexscaves:vallumraptor":5,"darkestsouls:hollow_axe":4,"alexsmobs:bone_serpent":1,"darkestsouls:church_doctor_flamesprayer":1,"born_in_chaos_v1:maggot":10,"twilightforest:naga":1,"darkestsouls:skeleton_falchion":9,"born_in_chaos_v1:fallen_chaos_knight":1,"born_in_chaos_v1:baby_skeleton":2,"minecraft:bat":1,"alexsmobs:cockroach":1,"alexscaves:subterranodon":1,"darkestsouls:cloaked_beast_patient":10,"darkestsouls:skeleton_swordsman_twin_shotels":2,"minecraft:villager":8},"minecraft:custom":{"minecraft:interact_with_crafting_table":97,"minecraft:open_barrel":4,"minecraft:eat_cake_slice":9,"minecraft:leave_game":8,"minecraft:time_since_death":3045,"minecraft:damage_blocked_by_shield":3185,"minecraft:play_time":552352,"minecraft:deaths":57,"minecraft:jump":7503,"minecraft:enchant_item":18,"minecraft:interact_with_furnace":68,"minecraft:traded_with_villager":225,"minecraft:sleep_in_bed":15,"minecraft:damage_dealt":63441,"minecraft:interact_with_smoker":7,"minecraft:interact_with_smithing_table":2,"minecraft:interact_with_anvil":3,"minecraft:sneak_time":12850,"minecraft:interact_with_blast_furnace":27,"minecraft:total_world_time":552352,"minecraft:time_since_rest":3075,"minecraft:swim_one_cm":49172,"minecraft:fly_one_cm":6947735,"minecraft:open_chest":374,"minecraft:fall_one_cm":257727,"minecraft:sprint_one_cm":2025145,"minecraft:drop":372,"minecraft:talked_to_villager":201,"minecraft:interact_with_brewingstand":1,"minecraft:walk_on_water_one_cm":99993,"minecraft:interact_with_loom":3,"minecraft:player_kills":4,"minecraft:crouch_one_cm":49697,"minecraft:mob_kills":278,"minecraft:damage_dealt_resisted":1325,"minecraft:climb_one_cm":9065,"minecraft:walk_one_cm":1567423,"minecraft:walk_under_water_one_cm":42919,"minecraft:boat_one_cm":105872,"minecraft:interact_with_grindstone":26,"minecraft:damage_taken":23454,"minecraft:damage_absorbed":119},"minecraft:killed_by":{"minecraft:zombie_villager":1,"minecraft:piglin_brute":2,"twilightforest:death_tome":2,"alexsmobs:cachalot_whale":1,"minecraft:husk":1,"born_in_chaos_v1:lifestealer_true_form":3,"darkestsouls:ashen_blood_beast_patient":1,"minecraft:warden":1,"darkestsouls:hollow_assassin":1,"darkestsouls:beast_patient":2,"alexscaves:luxtructosaurus":3,"minecraft:creeper":1,"darkestsouls:cloaked_beast_patient":1,"born_in_chaos_v1:corpse_fly":1,"darkestsouls:skeleton_spear":3,"born_in_chaos_v1:diamond_termite":1,"alexscaves:tremorsaurus":1,"minecraft:player":7,"darkestsouls:skeleton_swordsman_twin_shotels":1,"darkestsouls:skeleton_curved_swords":1,"minecraft:iron_golem":3,"darkestsouls:hollow_longsword":1},"minecraft:picked_up":{"minecraft:iron_chestplate":8,"alexscaves:tough_hide":3,"minecraft:flower_pot":1,"minecraft:smithing_table":4,"minecraft:stone_slab":1,"minecraft:diamond_sword":1,"minecraft:oak_stairs":12,"alexsmobs:bone_serpent_tooth":1,"minecraft:brewing_stand":2,"darkestsouls:beast_blood_clump":33,"minecraft:string":32,"minecraft:diamond_leggings":2,"minecraft:cobbled_deepslate":28,"minecraft:gold_nugget":44,"minecraft:spruce_planks":29,"minecraft:written_book":1,"minecraft:netherite_upgrade_smithing_template":1,"minecraft:coal_block":6,"minecraft:composter":8,"minecraft:big_dripleaf":7,"born_in_chaos_v1:pileof_dark_metal":2,"minecraft:cherry_log":1,"born_in_chaos_v1:black_argillite_brick_stairs":2,"minecraft:brown_carpet":1,"darkestsouls:quicksilver_bullet":1,"minecraft:tropical_fish":2,"minecraft:carved_pumpkin":1,"darkestsouls:quicksilver":85,"minecraft:bookshelf":25,"alexscaves:primitive_club":1,"minecraft:snowball":16,"minecraft:magma_block":6,"minecraft:feather":4,"minecraft:jungle_log":7,"minecraft:brown_wool":2,"minecraft:smoker":2,"minecraft:flint":20,"darkestsouls:cinnabar":72,"minecraft:lantern":2,"minecraft:twisting_vines":4,"minecraft:rabbit":2,"minecraft:moss_block":21,"minecraft:loom":2,"minecraft:lever":1,"minecraft:bread":142,"darkestsouls:torn_leather_scrap":1,"minecraft:diamond_pickaxe":1,"sophisticatedbackpacks:gold_backpack":1,"minecraft:crafting_table":3,"minecraft:coarse_dirt":2,"alexscaves:primal_magma":64,"minecraft:clay_ball":12,"born_in_chaos_v1:seedof_chaos":3,"minecraft:iron_shovel":2,"born_in_chaos_v1:black_argillite_brick":1,"minecraft:cracked_stone_bricks":3,"minecraft:beef":8,"minecraft:iron_nugget":19,"minecraft:poppy":9,"alexscaves:amber_monolith":1,"minecraft:chest":4,"minecraft:diamond_hoe":1,"minecraft:egg":1,"minecraft:sandstone":109,"minecraft:stone":6,"darkestsouls:soul_fragment":28,"minecraft:oak_door":1,"alexscaves:cycad":4,"sophisticatedbackpacks:backpack":3,"born_in_chaos_v1:pieceofdarkmetal":10,"minecraft:carrot":1,"born_in_chaos_v1:charmof_fury":1,"minecraft:beetroot_seeds":3,"minecraft:shears":1,"minecraft:hay_block":24,"minecraft:glow_berries":17,"minecraft:mutton":20,"minecraft:bone_block":1,"minecraft:white_wool":15,"minecraft:rail":6,"minecraft:oxeye_daisy":2,"alexscaves:pewen_log":10,"born_in_chaos_v1:pumpkin_staff":1,"minecraft:filled_map":1,"minecraft:packed_mud":37,"minecraft:oak_log":140,"darkestsouls:firebomb":2,"minecraft:paper":45,"minecraft:white_banner":1,"born_in_chaos_v1:soul_cutlass":2,"minecraft:stone_bricks":68,"minecraft:kelp":1,"minecraft:oak_fence_gate":1,"darkestsouls:blood_stone_fragment":5,"minecraft:gray_bed":4,"minecraft:iron_sword":6,"minecraft:flowering_azalea":3,"minecraft:smooth_basalt":2,"minecraft:sweet_berries":11,"darkestsouls:rusty_mail_scrap":3,"born_in_chaos_v1:ethereal_spirit":5,"minecraft:gravel":316,"minecraft:spruce_sapling":66,"minecraft:spruce_log":571,"minecraft:archer_pottery_sherd":1,"minecraft:brewer_pottery_sherd":1,"minecraft:slime_ball":1,"alexscaves:subterranodon_egg":1,"alexscaves:pine_nuts":2,"minecraft:painting":11,"minecraft:gray_wool":1,"twilightforest:spiral_bricks":2,"twilightforest:cicada_jar":1,"minecraft:wheat":54,"minecraft:potion":4,"minecraft:stone_brick_stairs":2,"born_in_chaos_v1:black_argillite":6,"minecraft:raw_copper":17,"minecraft:smooth_stone_slab":7,"minecraft:iron_leggings":5,"minecraft:zombie_head":2,"darkestsouls:rune_fragment":7,"minecraft:experience_bottle":3,"minecraft:oak_sign":3,"minecraft:red_sand":30,"minecraft:smooth_stone":5,"minecraft:bucket":3,"minecraft:azalea":1,"minecraft:iron_pickaxe":4,"alexscaves:flytrap":1,"minecraft:iron_boots":6,"minecraft:furnace":9,"minecraft:stick":47,"minecraft:oak_fence":20,"minecraft:torch":62,"alexscaves:heavy_bone":6,"minecraft:porkchop":3,"minecraft:diorite":8,"minecraft:rotten_flesh":41,"aether:golden_pendant":1,"darkestsouls:titanite_fragment":9,"minecraft:obsidian":15,"minecraft:blaze_powder":3,"minecraft:cobblestone":133,"minecraft:enchanting_table":1,"twilightforest:twilight_oak_log":2,"twilightforest:twilight_oak_wood":1,"minecraft:potato":9,"minecraft:tuff":6,"minecraft:lapis_lazuli":132,"minecraft:dirt":416,"minecraft:leather_boots":2,"minecraft:bone":52,"minecraft:bow":5,"minecraft:wheat_seeds":24,"minecraft:raw_gold":18,"minecraft:grindstone":1,"minecraft:mossy_stone_bricks":4,"minecraft:fletching_table":4,"minecraft:powered_rail":2,"minecraft:oak_planks":62,"minecraft:stone_hoe":1,"darkestsouls:bone_fragment":7,"minecraft:cooked_porkchop":3,"minecraft:oak_pressure_plate":2,"minecraft:orange_wool":1,"aether:healing_stone":3,"minecraft:diamond":139,"minecraft:emerald":1,"twilightforest:arctic_fur":1,"minecraft:oak_sapling":1,"minecraft:netherrack":111,"aether:aechor_petal":1,"minecraft:charcoal":8,"born_in_chaos_v1:diamond_termite_shard":5,"minecraft:azure_bluet":2,"minecraft:chicken":3,"born_in_chaos_v1:river_mint":1,"minecraft:brown_mushroom":7,"minecraft:wooden_pickaxe":1,"minecraft:stone_brick_wall":3,"alexscaves:flood_basalt":15,"minecraft:shield":2,"alexscaves:tectonic_shard":4,"minecraft:oak_trapdoor":5,"minecraft:moss_carpet":5,"minecraft:iron_axe":1,"minecraft:item_frame":9,"alexscaves:dinosaur_chop":7,"minecraft:blackstone":3,"minecraft:blue_orchid":1,"minecraft:oak_boat":3,"minecraft:lectern":11,"minecraft:raw_iron":83,"darkestsouls:torn_cloth_piece":2,"minecraft:stone_pressure_plate":2,"minecraft:arrow":25,"minecraft:pumpkin_pie":2,"minecraft:saddle":1,"darkestsouls:demon_fragment":1,"born_in_chaos_v1:corpse_maggot":13,"minecraft:glow_ink_sac":13,"minecraft:salmon":1,"minecraft:leather":4,"alexscaves:limestone":210,"minecraft:yellow_bed":3,"minecraft:gunpowder":2,"minecraft:wooden_hoe":2,"minecraft:iron_ingot":46,"alexscaves:curly_fern":16,"darkestsouls:rusty_metal_scrap":1,"minecraft:book":158,"minecraft:scaffolding":2,"minecraft:oak_slab":16,"minecraft:pumpkin":8,"born_in_chaos_v1:lifestealer_bone":5,"minecraft:quartz":92,"minecraft:dandelion":2,"born_in_chaos_v1:dark_rod":5,"minecraft:blast_furnace":6,"minecraft:white_bed":7,"minecraft:spider_eye":1,"minecraft:pumpkin_seeds":89,"darkestsouls:siderite_fragment":27,"minecraft:iron_helmet":7,"darkestsouls:small_soul_fragment":12,"minecraft:black_wool":3,"minecraft:coal":156,"darkestsouls:throwing_knife":3},"minecraft:dropped":{"minecraft:iron_sword":2,"minecraft:porkchop":3,"minecraft:lapis_lazuli":24,"minecraft:glow_ink_sac":1,"minecraft:glass_bottle":3,"minecraft:diamond":67,"minecraft:crafting_table":2,"alexscaves:curly_fern":11,"alexscaves:flytrap":1,"minecraft:glow_berries":1,"minecraft:brewer_pottery_sherd":1,"minecraft:cracked_stone_bricks":3,"minecraft:archer_pottery_sherd":1,"minecraft:item_frame":4,"minecraft:dirt":125,"minecraft:packed_mud":37,"minecraft:iron_pickaxe":1,"minecraft:white_wool":6,"alexscaves:cycad":4,"minecraft:bone":9,"minecraft:stone_axe":12,"minecraft:iron_nugget":12,"minecraft:cobbled_deepslate":1,"minecraft:wheat":6,"minecraft:rotten_flesh":4,"minecraft:blaze_powder":3,"minecraft:azure_bluet":1,"minecraft:leather_boots":2,"minecraft:painting":10,"minecraft:stone_brick_stairs":2,"minecraft:egg":1,"minecraft:iron_ingot":26,"minecraft:wheat_seeds":10,"minecraft:oak_fence":5,"minecraft:feather":1,"minecraft:iron_helmet":7,"minecraft:cobblestone":8,"born_in_chaos_v1:soul_cutlass":1,"minecraft:coal":2,"twilightforest:twilight_oak_wood":1,"born_in_chaos_v1:black_argillite":3,"minecraft:wooden_hoe":1,"minecraft:rabbit":2,"minecraft:potion":2,"alexscaves:limestone":214,"minecraft:string":4,"darkestsouls:siderite_fragment":8,"minecraft:furnace":5,"minecraft:netherite_ingot":1,"minecraft:smooth_stone_slab":4,"minecraft:diamond_hoe":1,"minecraft:stone_shovel":1,"minecraft:clay_ball":4,"minecraft:iron_boots":5,"minecraft:stone_slab":1,"sophisticatedbackpacks:backpack":1,"minecraft:shears":1,"minecraft:diamond_sword":1,"minecraft:big_dripleaf":6,"minecraft:stone":11,"minecraft:flower_pot":1,"alexscaves:flood_basalt":15,"alexscaves:heavy_bone":3,"minecraft:spruce_planks":3,"minecraft:diamond_pickaxe":1,"minecraft:carved_pumpkin":1,"minecraft:stone_pressure_plate":2,"minecraft:stone_bricks":8,"minecraft:spider_eye":1,"minecraft:brown_carpet":1,"minecraft:blue_orchid":1,"minecraft:sandstone":109,"minecraft:bow":3,"minecraft:moss_block":16,"minecraft:brown_mushroom":7,"minecraft:oak_log":2,"born_in_chaos_v1:pileof_dark_metal":1,"minecraft:blackstone":3,"born_in_chaos_v1:ethereal_spirit":1,"minecraft:poppy":1,"minecraft:oak_fence_gate":1,"born_in_chaos_v1:corpse_maggot":1,"minecraft:stone_brick_wall":1,"darkestsouls:quicksilver":66,"minecraft:written_book":1,"minecraft:netherrack":13,"minecraft:stone_hoe":4,"darkestsouls:cinnabar":8,"minecraft:water_bucket":1,"minecraft:bread":213,"minecraft:oak_slab":5,"minecraft:bookshelf":1,"aether:golden_pendant":1,"minecraft:tropical_fish":1,"minecraft:stick":2,"minecraft:torch":40,"twilightforest:spiral_bricks":2,"minecraft:brown_wool":1,"minecraft:iron_leggings":5,"minecraft:bucket":2,"minecraft:kelp":1,"born_in_chaos_v1:black_argillite_brick_stairs":2,"minecraft:oak_trapdoor":4,"minecraft:coarse_dirt":2,"minecraft:raw_copper":6,"darkestsouls:torn_cloth_piece":1,"minecraft:tuff":1,"born_in_chaos_v1:charmof_fury":1,"alexscaves:tectonic_shard":4,"minecraft:shield":1,"minecraft:oak_button":32,"minecraft:iron_chestplate":7,"minecraft:mossy_stone_bricks":4,"minecraft:oak_sapling":1,"minecraft:spruce_log":10,"minecraft:stone_pickaxe":1,"minecraft:wooden_pickaxe":2,"twilightforest:twilight_oak_log":2}},"DataVersion":3465}