{"stats":{"minecraft:used":{"minecraft:oak_fence":45,"minecraft:chest":5,"minecraft:spruce_planks":58,"minecraft:shield":36,"minecraft:iron_sword":226,"minecraft:dirt":13,"minecraft:torch":65,"minecraft:oak_door":1,"minecraft:snowball":16,"born_in_chaos_v1:corpse_maggot":1,"minecraft:iron_axe":6,"minecraft:oak_stairs":12,"minecraft:stone_bricks":26,"minecraft:furnace":6,"minecraft:water_bucket":3,"darkestsouls:chaos_staff":7,"minecraft:stone_pickaxe":70,"minecraft:oak_planks":12,"minecraft:wooden_pickaxe":9,"minecraft:salmon":1,"minecraft:glow_berries":29,"minecraft:oak_slab":6,"minecraft:crafting_table":3,"minecraft:blast_furnace":1,"minecraft:white_bed":3,"minecraft:spruce_log":5,"minecraft:smoker":1,"minecraft:wooden_hoe":55,"minecraft:diamond_pickaxe":4,"minecraft:zombie_head":1,"minecraft:bread":25,"minecraft:iron_pickaxe":269,"minecraft:stone_axe":136,"minecraft:diamond_sword":11,"minecraft:cobblestone":12,"minecraft:cooked_porkchop":3,"minecraft:bucket":4,"alexsmobs:animal_dictionary":2},"minecraft:picked_up":{"born_in_chaos_v1:diamond_termite_shard":3,"minecraft:azure_bluet":2,"minecraft:charcoal":8,"minecraft:crafting_table":3,"minecraft:iron_chestplate":8,"minecraft:wheat":49,"minecraft:flower_pot":1,"minecraft:clay_ball":4,"minecraft:wooden_pickaxe":1,"minecraft:oak_stairs":12,"minecraft:stone_brick_wall":2,"minecraft:shield":2,"darkestsouls:beast_blood_clump":9,"born_in_chaos_v1:black_argillite":1,"minecraft:string":1,"minecraft:iron_axe":1,"minecraft:raw_copper":6,"minecraft:smooth_stone_slab":3,"minecraft:iron_leggings":5,"minecraft:item_frame":9,"minecraft:experience_bottle":2,"minecraft:iron_shovel":2,"minecraft:zombie_head":1,"minecraft:blue_orchid":1,"minecraft:oak_sign":3,"minecraft:cobbled_deepslate":9,"minecraft:smooth_stone":5,"minecraft:bucket":2,"minecraft:spruce_planks":6,"minecraft:poppy":1,"minecraft:iron_pickaxe":4,"minecraft:coal_block":6,"minecraft:chest":3,"minecraft:iron_boots":5,"minecraft:furnace":9,"minecraft:stick":21,"minecraft:raw_iron":38,"minecraft:stone":6,"darkestsouls:soul_fragment":10,"minecraft:oak_door":1,"darkestsouls:torn_cloth_piece":1,"minecraft:big_dripleaf":6,"minecraft:oak_fence":13,"minecraft:torch":62,"sophisticatedbackpacks:backpack":3,"minecraft:porkchop":3,"minecraft:carrot":1,"minecraft:stone_pressure_plate":2,"minecraft:brown_carpet":1,"minecraft:arrow":3,"minecraft:rotten_flesh":7,"minecraft:tropical_fish":1,"minecraft:pumpkin_pie":2,"minecraft:shears":1,"minecraft:hay_block":8,"darkestsouls:quicksilver":85,"minecraft:saddle":1,"minecraft:glow_berries":17,"minecraft:mutton":12,"minecraft:snowball":16,"minecraft:white_wool":11,"minecraft:cobblestone":96,"minecraft:oxeye_daisy":1,"born_in_chaos_v1:corpse_maggot":5,"minecraft:glow_ink_sac":7,"minecraft:brown_wool":2,"minecraft:smoker":1,"minecraft:potato":9,"darkestsouls:cinnabar":65,"minecraft:tuff":3,"minecraft:oak_log":33,"minecraft:wooden_hoe":2,"minecraft:dirt":209,"minecraft:lantern":2,"minecraft:white_banner":1,"minecraft:leather_boots":2,"minecraft:bone":11,"minecraft:stone_bricks":61,"minecraft:bow":4,"minecraft:wheat_seeds":6,"minecraft:raw_gold":1,"minecraft:iron_ingot":3,"darkestsouls:blood_stone_fragment":2,"minecraft:rabbit":2,"darkestsouls:bone_fragment":4,"minecraft:moss_block":16,"minecraft:iron_sword":3,"minecraft:oak_planks":10,"minecraft:book":130,"minecraft:scaffolding":2,"minecraft:oak_slab":13,"minecraft:cooked_porkchop":3,"minecraft:sweet_berries":11,"darkestsouls:rusty_mail_scrap":1,"minecraft:dandelion":1,"minecraft:oak_pressure_plate":2,"minecraft:white_bed":4,"minecraft:spruce_log":29,"minecraft:loom":1,"darkestsouls:siderite_fragment":22,"minecraft:diamond":16,"minecraft:iron_helmet":5,"minecraft:bread":61,"minecraft:emerald":1,"darkestsouls:small_soul_fragment":5,"minecraft:black_wool":3,"minecraft:coal":30},"minecraft:killed":{"darkestsouls:church_doctor":1,"darkestsouls:ashen_blood_beast_patient":1,"born_in_chaos_v1:maggot":3,"minecraft:skeleton":1,"darkestsouls:skeleton_falchion":6,"darkestsouls:beast_patient":1,"darkestsouls:hollow_assassin":1,"darkestsouls:hollow_longsword":1,"minecraft:tropical_fish":1,"born_in_chaos_v1:spiritof_chaos":1,"born_in_chaos_v1:diamond_termite":3,"darkestsouls:gravetender_hollow_broken_straightsword":1,"born_in_chaos_v1:decrepit_skeleton":1,"minecraft:sheep":5,"darkestsouls:skeleton_spear":4,"minecraft:zombie":3,"born_in_chaos_v1:corpse_fly":3,"darkestsouls:cloaked_beast_patient":2,"darkestsouls:huntsman_rifle":1,"darkestsouls:skeleton_swordsman_twin_shotels":1,"born_in_chaos_v1:door_knight":1,"minecraft:villager":1},"minecraft:killed_by":{"minecraft:player":1,"darkestsouls:skeleton_curved_swords":1,"minecraft:creeper":1,"darkestsouls:cloaked_beast_patient":1,"born_in_chaos_v1:corpse_fly":1,"darkestsouls:beast_patient":2},"minecraft:broken":{"minecraft:stone_axe":1},"minecraft:crafted":{"minecraft:oak_door":3,"minecraft:smooth_stone":8,"minecraft:oak_planks":132,"minecraft:furnace":3,"minecraft:blast_furnace":1,"minecraft:stone":13,"minecraft:cooked_mutton":2,"minecraft:iron_axe":1,"minecraft:stone_pickaxe":1,"minecraft:chest":2,"minecraft:oak_fence":48,"minecraft:wheat":432,"minecraft:diamond_sword":1,"minecraft:crafting_table":1,"minecraft:spruce_planks":28,"minecraft:wooden_pickaxe":1,"minecraft:iron_sword":1,"darkestsouls:quicksilver":59,"minecraft:stone_axe":1,"minecraft:bread":128,"minecraft:air":0,"minecraft:wooden_hoe":1,"minecraft:diamond_pickaxe":1,"minecraft:shield":1,"minecraft:stick":120,"minecraft:iron_ingot":30,"minecraft:iron_pickaxe":2,"minecraft:torch":104},"minecraft:mined":{"darkestsouls:siderite_ore":13,"minecraft:white_bed":4,"minecraft:spruce_planks":2,"minecraft:deepslate_diamond_ore":16,"minecraft:oak_door":1,"minecraft:sculk_vein":1,"minecraft:potted_blue_orchid":1,"born_in_chaos_v1:infected_diamond_ore":1,"minecraft:stone_brick_wall":2,"minecraft:grass_block":5,"born_in_chaos_v1:black_argillite":1,"minecraft:white_stained_glass":1,"minecraft:oak_pressure_plate":2,"minecraft:coal_block":6,"minecraft:spruce_leaves":2,"minecraft:moss_block":13,"minecraft:oxeye_daisy":1,"minecraft:oak_wall_sign":1,"minecraft:hay_block":21,"minecraft:furnace":7,"minecraft:iron_ore":30,"minecraft:big_dripleaf_stem":1,"minecraft:azure_bluet":1,"minecraft:bookshelf":22,"minecraft:cave_vines":6,"minecraft:vine":1,"minecraft:oak_stairs":16,"minecraft:lantern":1,"minecraft:white_banner":1,"minecraft:stone":96,"minecraft:white_wool":4,"minecraft:oak_slab":12,"minecraft:scaffolding":2,"minecraft:glass_pane":1,"minecraft:smoker":1,"minecraft:dandelion":1,"minecraft:powder_snow":3,"minecraft:clay":1,"minecraft:oak_fence":16,"minecraft:crafting_table":2,"born_in_chaos_v1:infected_deepslate_diamond_ore":1,"minecraft:torch":1,"minecraft:poppy":1,"minecraft:chest":3,"minecraft:sculk_sensor":1,"minecraft:campfire":4,"minecraft:copper_ore":1,"minecraft:tall_grass":14,"minecraft:cobblestone":6,"minecraft:deepslate_gold_ore":1,"minecraft:oak_planks":6,"minecraft:sculk":2,"minecraft:wall_torch":1,"minecraft:beehive":1,"minecraft:wheat":1,"minecraft:sweet_berry_bush":5,"minecraft:spruce_log":9,"minecraft:stone_brick_stairs":1,"minecraft:smooth_stone_slab":3,"minecraft:grass":45,"minecraft:oak_log":33,"minecraft:coal_ore":19,"darkestsouls:cinnabar_ore":44,"minecraft:zombie_head":1,"minecraft:loom":1,"minecraft:dirt":4,"minecraft:stone_bricks":62,"minecraft:oak_leaves":1,"minecraft:deepslate":2,"minecraft:tuff":3},"minecraft:dropped":{"minecraft:water_bucket":1,"darkestsouls:cinnabar":7,"minecraft:iron_sword":2,"minecraft:oak_slab":4,"minecraft:moss_block":16,"minecraft:porkchop":3,"minecraft:wheat_seeds":1,"minecraft:crafting_table":1,"minecraft:iron_helmet":2,"minecraft:tropical_fish":1,"minecraft:coal":2,"minecraft:item_frame":4,"minecraft:stick":2,"minecraft:dirt":56,"born_in_chaos_v1:black_argillite":1,"minecraft:torch":40,"minecraft:wooden_hoe":1,"minecraft:brown_wool":1,"minecraft:iron_leggings":2,"minecraft:iron_pickaxe":1,"minecraft:string":1,"minecraft:white_wool":6,"darkestsouls:siderite_fragment":8,"minecraft:furnace":5,"minecraft:raw_copper":6,"darkestsouls:torn_cloth_piece":1,"minecraft:clay_ball":4,"minecraft:iron_boots":2,"sophisticatedbackpacks:backpack":1,"minecraft:azure_bluet":1,"minecraft:shears":1,"minecraft:big_dripleaf":6,"minecraft:poppy":1,"minecraft:stone":11,"minecraft:shield":1,"minecraft:flower_pot":1,"minecraft:spruce_planks":3,"minecraft:iron_chestplate":5,"born_in_chaos_v1:corpse_maggot":1,"minecraft:leather_boots":2,"darkestsouls:quicksilver":66,"minecraft:stone_pressure_plate":2,"minecraft:stone_bricks":1,"minecraft:brown_carpet":1,"minecraft:spruce_log":10,"minecraft:blue_orchid":1,"minecraft:bow":1,"minecraft:stone_pickaxe":1,"minecraft:wooden_pickaxe":2},"minecraft:custom":{"minecraft:mob_kills":46,"minecraft:interact_with_crafting_table":41,"minecraft:open_barrel":1,"minecraft:damage_dealt_resisted":414,"minecraft:eat_cake_slice":3,"minecraft:leave_game":5,"minecraft:time_since_death":198,"minecraft:climb_one_cm":1613,"minecraft:sprint_one_cm":359367,"minecraft:walk_one_cm":447347,"minecraft:damage_blocked_by_shield":1215,"minecraft:drop":87,"minecraft:play_time":135813,"minecraft:deaths":8,"minecraft:sneak_time":5986,"minecraft:walk_under_water_one_cm":14411,"minecraft:jump":1604,"minecraft:interact_with_blast_furnace":5,"minecraft:walk_on_water_one_cm":49320,"minecraft:total_world_time":135813,"minecraft:interact_with_furnace":33,"minecraft:interact_with_loom":2,"minecraft:sleep_in_bed":5,"minecraft:time_since_rest":248,"minecraft:damage_taken":3632,"minecraft:damage_dealt":9947,"minecraft:player_kills":1,"minecraft:swim_one_cm":3308,"minecraft:fly_one_cm":386209,"minecraft:open_chest":55,"minecraft:crouch_one_cm":19692,"minecraft:fall_one_cm":47157}},"DataVersion":3465}