{"stats":{"minecraft:used":{"minecraft:oak_fence":1,"darkestsouls:chaos_staff":7,"minecraft:stone_pickaxe":70,"minecraft:chest":2,"minecraft:spruce_planks":11,"minecraft:wooden_pickaxe":9,"minecraft:iron_sword":45,"minecraft:salmon":1,"minecraft:glow_berries":29,"minecraft:crafting_table":3,"minecraft:snowball":16,"minecraft:spruce_log":5,"minecraft:wooden_hoe":55,"minecraft:bread":3,"minecraft:iron_pickaxe":157,"minecraft:stone_axe":41,"minecraft:cobblestone":12,"minecraft:furnace":3,"minecraft:cooked_porkchop":3},"minecraft:dropped":{"darkestsouls:cinnabar":7,"minecraft:furnace":1,"minecraft:moss_block":16,"minecraft:porkchop":3,"minecraft:wheat_seeds":1,"minecraft:raw_copper":6,"darkestsouls:torn_cloth_piece":1,"minecraft:iron_helmet":1,"minecraft:clay_ball":4,"minecraft:iron_boots":1,"sophisticatedbackpacks:backpack":1,"minecraft:tropical_fish":1,"minecraft:coal":2,"minecraft:item_frame":2,"minecraft:big_dripleaf":6,"minecraft:dirt":5,"minecraft:flower_pot":1,"born_in_chaos_v1:black_argillite":1,"minecraft:iron_chestplate":4,"minecraft:stone_pressure_plate":2,"minecraft:iron_leggings":1,"minecraft:spruce_log":10,"minecraft:blue_orchid":1,"minecraft:stone_pickaxe":1,"minecraft:wooden_pickaxe":2,"darkestsouls:siderite_fragment":4},"minecraft:killed":{"born_in_chaos_v1:spiritof_chaos":1,"darkestsouls:gravetender_hollow_broken_straightsword":1,"minecraft:sheep":5,"darkestsouls:huntsman_rifle":1,"minecraft:tropical_fish":1},"minecraft:killed_by":{"minecraft:player":1},"minecraft:custom":{"minecraft:interact_with_furnace":14,"minecraft:mob_kills":10,"minecraft:interact_with_crafting_table":10,"minecraft:open_barrel":1,"minecraft:leave_game":3,"minecraft:time_since_death":43900,"minecraft:sleep_in_bed":1,"minecraft:climb_one_cm":1613,"minecraft:time_since_rest":5042,"minecraft:sprint_one_cm":121571,"minecraft:damage_taken":814,"minecraft:walk_one_cm":194376,"minecraft:drop":48,"minecraft:damage_dealt":1075,"minecraft:swim_one_cm":2448,"minecraft:fly_one_cm":199402,"minecraft:open_chest":7,"minecraft:crouch_one_cm":7070,"minecraft:play_time":55510,"minecraft:deaths":1,"minecraft:sneak_time":3252,"minecraft:walk_under_water_one_cm":11918,"minecraft:jump":658,"minecraft:walk_on_water_one_cm":17470,"minecraft:total_world_time":55510,"minecraft:fall_one_cm":16102},"minecraft:mined":{"minecraft:oak_slab":1,"darkestsouls:siderite_ore":4,"minecraft:spruce_planks":1,"minecraft:smoker":1,"minecraft:dandelion":1,"minecraft:potted_blue_orchid":1,"minecraft:powder_snow":3,"minecraft:oak_fence":1,"minecraft:clay":1,"minecraft:crafting_table":2,"minecraft:poppy":1,"minecraft:grass_block":1,"born_in_chaos_v1:black_argillite":1,"minecraft:white_stained_glass":1,"minecraft:campfire":4,"minecraft:coal_block":6,"minecraft:tall_grass":7,"minecraft:copper_ore":1,"minecraft:cobblestone":6,"minecraft:spruce_leaves":2,"minecraft:moss_block":13,"minecraft:oxeye_daisy":1,"minecraft:hay_block":20,"minecraft:furnace":3,"minecraft:beehive":1,"minecraft:iron_ore":30,"minecraft:sweet_berry_bush":5,"minecraft:spruce_log":9,"minecraft:azure_bluet":1,"minecraft:big_dripleaf_stem":1,"minecraft:grass":40,"minecraft:oak_log":5,"minecraft:bookshelf":22,"minecraft:cave_vines":6,"minecraft:coal_ore":19,"darkestsouls:cinnabar_ore":44,"minecraft:vine":1,"minecraft:zombie_head":1,"minecraft:dirt":4,"minecraft:white_banner":1,"minecraft:stone":93},"minecraft:picked_up":{"minecraft:charcoal":8,"minecraft:iron_chestplate":6,"minecraft:crafting_table":2,"minecraft:azure_bluet":1,"minecraft:flower_pot":1,"minecraft:clay_ball":4,"minecraft:brown_wool":1,"minecraft:wooden_pickaxe":1,"minecraft:smoker":1,"minecraft:potato":9,"darkestsouls:cinnabar":65,"minecraft:oak_log":6,"born_in_chaos_v1:black_argillite":1,"minecraft:dirt":5,"minecraft:lantern":1,"minecraft:white_banner":1,"minecraft:raw_copper":6,"minecraft:iron_leggings":3,"minecraft:item_frame":7,"minecraft:zombie_head":1,"minecraft:blue_orchid":1,"minecraft:bow":1,"minecraft:wheat_seeds":6,"minecraft:spruce_planks":1,"minecraft:iron_pickaxe":1,"minecraft:rabbit":2,"minecraft:moss_block":16,"minecraft:coal_block":3,"minecraft:iron_boots":3,"minecraft:furnace":3,"minecraft:book":66,"minecraft:oak_slab":1,"minecraft:stick":2,"minecraft:raw_iron":30,"minecraft:cooked_porkchop":3,"minecraft:sweet_berries":11,"darkestsouls:torn_cloth_piece":1,"minecraft:big_dripleaf":6,"minecraft:oak_fence":1,"minecraft:dandelion":1,"sophisticatedbackpacks:backpack":2,"minecraft:porkchop":3,"minecraft:spruce_log":29,"minecraft:stone_pressure_plate":2,"minecraft:arrow":1,"darkestsouls:siderite_fragment":4,"minecraft:tropical_fish":1,"minecraft:pumpkin_pie":2,"minecraft:hay_block":7,"minecraft:iron_helmet":3,"darkestsouls:quicksilver":1,"minecraft:black_wool":3,"minecraft:glow_berries":17,"minecraft:mutton":12,"minecraft:coal":30,"minecraft:snowball":16,"minecraft:white_wool":2,"minecraft:cobblestone":93,"minecraft:oxeye_daisy":1},"minecraft:crafted":{"minecraft:oak_planks":24,"minecraft:crafting_table":1,"minecraft:spruce_planks":28,"minecraft:wooden_pickaxe":1,"minecraft:iron_sword":1,"minecraft:furnace":3,"darkestsouls:quicksilver":1,"minecraft:stone_axe":1,"minecraft:wooden_hoe":1,"minecraft:shield":1,"minecraft:stick":12,"minecraft:chest":2,"minecraft:iron_ingot":12,"minecraft:iron_pickaxe":1,"minecraft:stone_pickaxe":1}},"DataVersion":3465}