{"stats":{"minecraft:used":{"minecraft:salmon":1,"minecraft:glow_berries":3,"darkestsouls:chaos_staff":7,"minecraft:spruce_planks":9,"minecraft:wooden_pickaxe":9,"minecraft:spruce_log":5},"minecraft:dropped":{"minecraft:spruce_log":10,"sophisticatedbackpacks:backpack":1},"minecraft:killed":{"darkestsouls:huntsman_rifle":1,"born_in_chaos_v1:spiritof_chaos":1},"minecraft:killed_by":{"minecraft:player":1},"minecraft:mined":{"minecraft:dirt":2,"minecraft:stone":7,"minecraft:spruce_log":9,"minecraft:spruce_leaves":2},"minecraft:custom":{"minecraft:open_barrel":1,"minecraft:open_chest":1,"minecraft:time_since_rest":8306,"minecraft:crouch_one_cm":2188,"minecraft:sprint_one_cm":57031,"minecraft:play_time":19866,"minecraft:damage_taken":456,"minecraft:deaths":1,"minecraft:walk_one_cm":49818,"minecraft:sneak_time":711,"minecraft:mob_kills":3,"minecraft:drop":11,"minecraft:jump":251,"minecraft:damage_dealt":64,"minecraft:leave_game":2,"minecraft:walk_on_water_one_cm":2872,"minecraft:time_since_death":8256,"minecraft:total_world_time":19866,"minecraft:interact_with_crafting_table":1,"minecraft:fall_one_cm":7231,"minecraft:fly_one_cm":154434},"minecraft:picked_up":{"darkestsouls:torn_cloth_piece":1,"sophisticatedbackpacks:backpack":2,"minecraft:spruce_log":29,"minecraft:glow_berries":2,"minecraft:dirt":2,"minecraft:cobblestone":7},"minecraft:crafted":{"minecraft:spruce_planks":28,"minecraft:stick":8,"minecraft:wooden_pickaxe":1}},"DataVersion":3465}