{"stats":{"minecraft:custom":{"minecraft:interact_with_crafting_table":63,"minecraft:open_barrel":4,"minecraft:eat_cake_slice":3,"minecraft:leave_game":6,"minecraft:time_since_death":16932,"minecraft:sprint_one_cm":834129,"minecraft:damage_blocked_by_shield":2555,"minecraft:drop":110,"minecraft:talked_to_villager":1,"minecraft:play_time":256026,"minecraft:deaths":24,"minecraft:jump":3438,"minecraft:enchant_item":3,"minecraft:walk_on_water_one_cm":78934,"minecraft:interact_with_furnace":43,"minecraft:interact_with_loom":2,"minecraft:sleep_in_bed":5,"minecraft:damage_dealt":29039,"minecraft:player_kills":3,"minecraft:crouch_one_cm":35293,"minecraft:interact_with_smoker":2,"minecraft:interact_with_smithing_table":1,"minecraft:mob_kills":138,"minecraft:damage_dealt_resisted":999,"minecraft:climb_one_cm":3608,"minecraft:walk_one_cm":793171,"minecraft:sneak_time":9630,"minecraft:walk_under_water_one_cm":34505,"minecraft:interact_with_blast_furnace":15,"minecraft:total_world_time":256026,"minecraft:time_since_rest":16962,"minecraft:damage_taken":10758,"minecraft:swim_one_cm":5105,"minecraft:fly_one_cm":732528,"minecraft:open_chest":151,"minecraft:fall_one_cm":111229},"minecraft:broken":{"minecraft:iron_boots":1,"minecraft:stone_axe":1,"minecraft:iron_hoe":1,"minecraft:shield":1,"minecraft:iron_helmet":2},"minecraft:dropped":{"minecraft:iron_sword":2,"minecraft:moss_block":16,"minecraft:porkchop":3,"minecraft:lapis_lazuli":24,"minecraft:oak_log":2,"minecraft:crafting_table":1,"minecraft:brewer_pottery_sherd":1,"born_in_chaos_v1:pileof_dark_metal":1,"minecraft:archer_pottery_sherd":1,"minecraft:item_frame":4,"minecraft:dirt":56,"minecraft:iron_pickaxe":1,"minecraft:white_wool":6,"born_in_chaos_v1:ethereal_spirit":1,"minecraft:azure_bluet":1,"minecraft:poppy":1,"born_in_chaos_v1:corpse_maggot":1,"minecraft:leather_boots":2,"darkestsouls:quicksilver":66,"darkestsouls:cinnabar":7,"minecraft:water_bucket":1,"minecraft:bread":5,"minecraft:oak_slab":4,"minecraft:wheat_seeds":3,"minecraft:oak_fence":1,"minecraft:iron_helmet":2,"minecraft:tropical_fish":1,"minecraft:coal":2,"minecraft:stick":2,"born_in_chaos_v1:black_argillite":1,"minecraft:torch":40,"minecraft:wooden_hoe":1,"minecraft:brown_wool":1,"minecraft:iron_leggings":3,"minecraft:string":2,"minecraft:bucket":2,"darkestsouls:siderite_fragment":8,"minecraft:furnace":5,"minecraft:netherite_ingot":1,"minecraft:raw_copper":6,"darkestsouls:torn_cloth_piece":1,"minecraft:stone_shovel":1,"minecraft:clay_ball":4,"minecraft:iron_boots":3,"sophisticatedbackpacks:backpack":1,"born_in_chaos_v1:charmof_fury":1,"minecraft:shears":1,"minecraft:diamond_sword":1,"minecraft:big_dripleaf":6,"minecraft:stone":11,"minecraft:shield":1,"minecraft:flower_pot":1,"minecraft:spruce_planks":3,"minecraft:iron_chestplate":6,"minecraft:stone_pressure_plate":2,"minecraft:stone_bricks":1,"minecraft:brown_carpet":1,"minecraft:spruce_log":10,"minecraft:bow":1,"minecraft:blue_orchid":1,"minecraft:stone_pickaxe":1,"minecraft:wooden_pickaxe":2},"minecraft:crafted":{"minecraft:smooth_stone":8,"minecraft:oak_planks":176,"minecraft:stone":13,"sophisticatedbackpacks:crafting_upgrade":1,"minecraft:bookshelf":20,"minecraft:cooked_mutton":2,"minecraft:diamond_leggings":1,"minecraft:iron_boots":1,"minecraft:chest":9,"minecraft:stone_hoe":3,"minecraft:oak_fence":48,"minecraft:crafting_table":3,"minecraft:spruce_planks":204,"minecraft:iron_helmet":1,"minecraft:wooden_pickaxe":1,"minecraft:smithing_table":1,"sophisticatedbackpacks:upgrade_base":1,"minecraft:wooden_hoe":1,"minecraft:diamond_pickaxe":1,"minecraft:shield":2,"minecraft:stick":128,"minecraft:iron_ingot":68,"minecraft:iron_pickaxe":2,"minecraft:shears":1,"minecraft:oak_door":3,"minecraft:stone_shovel":1,"minecraft:furnace":3,"minecraft:blast_furnace":1,"minecraft:flint_and_steel":1,"minecraft:iron_axe":1,"minecraft:iron_hoe":1,"minecraft:spruce_slab":6,"minecraft:stone_pickaxe":1,"minecraft:wheat":432,"sophisticatedbackpacks:iron_backpack":1,"minecraft:diamond_sword":1,"minecraft:enchanting_table":1,"minecraft:iron_sword":1,"sophisticatedbackpacks:gold_backpack":1,"darkestsouls:quicksilver":59,"minecraft:bucket":1,"minecraft:stone_axe":1,"minecraft:bread":128,"minecraft:air":0,"minecraft:torch":104,"minecraft:diamond_chestplate":1},"minecraft:picked_up":{"minecraft:iron_chestplate":8,"minecraft:wheat":50,"minecraft:flower_pot":1,"minecraft:stone_slab":1,"minecraft:diamond_sword":1,"minecraft:oak_stairs":12,"minecraft:potion":2,"alexsmobs:bone_serpent_tooth":1,"minecraft:brewing_stand":2,"darkestsouls:beast_blood_clump":17,"born_in_chaos_v1:black_argillite":1,"minecraft:string":11,"minecraft:raw_copper":6,"minecraft:smooth_stone_slab":3,"minecraft:iron_leggings":5,"minecraft:experience_bottle":2,"darkestsouls:rune_fragment":1,"minecraft:zombie_head":2,"minecraft:oak_sign":3,"minecraft:cobbled_deepslate":24,"minecraft:gold_nugget":1,"minecraft:smooth_stone":5,"minecraft:bucket":3,"minecraft:spruce_planks":15,"minecraft:azalea":1,"minecraft:netherite_upgrade_smithing_template":1,"minecraft:iron_pickaxe":4,"minecraft:coal_block":6,"minecraft:furnace":9,"minecraft:iron_boots":5,"minecraft:stick":21,"minecraft:big_dripleaf":7,"minecraft:oak_fence":14,"minecraft:torch":62,"born_in_chaos_v1:pileof_dark_metal":2,"minecraft:porkchop":3,"minecraft:cherry_log":1,"minecraft:brown_carpet":1,"minecraft:rotten_flesh":36,"minecraft:tropical_fish":2,"darkestsouls:quicksilver":85,"minecraft:obsidian":14,"minecraft:snowball":16,"minecraft:cobblestone":107,"minecraft:feather":3,"minecraft:brown_wool":2,"minecraft:smoker":1,"minecraft:potato":9,"minecraft:flint":1,"darkestsouls:cinnabar":71,"minecraft:tuff":4,"minecraft:lapis_lazuli":54,"minecraft:dirt":212,"minecraft:lantern":2,"minecraft:twisting_vines":4,"minecraft:leather_boots":2,"minecraft:bone":36,"minecraft:bow":4,"minecraft:wheat_seeds":15,"minecraft:raw_gold":7,"minecraft:rabbit":2,"minecraft:powered_rail":2,"minecraft:moss_block":21,"minecraft:oak_planks":10,"darkestsouls:bone_fragment":4,"minecraft:cooked_porkchop":3,"minecraft:oak_pressure_plate":2,"minecraft:loom":1,"minecraft:orange_wool":1,"minecraft:diamond":32,"minecraft:lever":1,"minecraft:emerald":1,"minecraft:bread":66,"minecraft:netherrack":76,"born_in_chaos_v1:diamond_termite_shard":3,"minecraft:charcoal":8,"minecraft:crafting_table":3,"minecraft:azure_bluet":2,"minecraft:chicken":2,"born_in_chaos_v1:river_mint":1,"minecraft:clay_ball":12,"minecraft:wooden_pickaxe":1,"minecraft:stone_brick_wall":2,"minecraft:shield":2,"minecraft:moss_carpet":5,"minecraft:iron_axe":1,"minecraft:item_frame":9,"minecraft:iron_shovel":2,"minecraft:blue_orchid":1,"minecraft:beef":8,"minecraft:poppy":1,"minecraft:chest":4,"minecraft:raw_iron":69,"minecraft:stone":6,"darkestsouls:soul_fragment":10,"minecraft:oak_door":1,"darkestsouls:torn_cloth_piece":1,"sophisticatedbackpacks:backpack":3,"minecraft:carrot":1,"minecraft:stone_pressure_plate":2,"born_in_chaos_v1:charmof_fury":1,"minecraft:arrow":6,"minecraft:beetroot_seeds":3,"minecraft:pumpkin_pie":2,"minecraft:shears":1,"minecraft:hay_block":8,"minecraft:saddle":1,"minecraft:glow_berries":17,"minecraft:mutton":20,"minecraft:bone_block":1,"minecraft:rail":6,"minecraft:white_wool":15,"minecraft:oxeye_daisy":1,"born_in_chaos_v1:corpse_maggot":13,"born_in_chaos_v1:pumpkin_staff":1,"minecraft:glow_ink_sac":8,"minecraft:salmon":1,"minecraft:leather":4,"minecraft:filled_map":1,"minecraft:oak_log":46,"minecraft:wooden_hoe":2,"minecraft:white_banner":1,"born_in_chaos_v1:soul_cutlass":1,"minecraft:stone_bricks":61,"minecraft:kelp":1,"minecraft:iron_ingot":4,"darkestsouls:blood_stone_fragment":3,"minecraft:iron_sword":6,"minecraft:flowering_azalea":3,"minecraft:book":130,"minecraft:scaffolding":2,"minecraft:oak_slab":13,"minecraft:sweet_berries":11,"darkestsouls:rusty_mail_scrap":2,"born_in_chaos_v1:ethereal_spirit":2,"minecraft:quartz":38,"minecraft:dandelion":1,"minecraft:gravel":25,"minecraft:spruce_sapling":2,"minecraft:white_bed":4,"minecraft:spruce_log":73,"minecraft:archer_pottery_sherd":1,"minecraft:brewer_pottery_sherd":1,"minecraft:pumpkin_seeds":89,"darkestsouls:siderite_fragment":27,"minecraft:slime_ball":1,"minecraft:iron_helmet":5,"minecraft:gray_wool":1,"darkestsouls:small_soul_fragment":5,"minecraft:black_wool":3,"minecraft:coal":39},"minecraft:killed":{"darkestsouls:gravetender_hollow_longsword":1,"darkestsouls:bonewheel":1,"born_in_chaos_v1:mr_pumpkin":1,"minecraft:zombified_piglin":1,"minecraft:witch":1,"born_in_chaos_v1:zombie_lumberjack":1,"darkestsouls:skeleton_curved_swords":1,"darkestsouls:ashen_blood_beast_patient":2,"darkestsouls:leech":1,"darkestsouls:sewer_centipede":1,"minecraft:skeleton":4,"minecraft:chicken":2,"darkestsouls:beast_patient":3,"darkestsouls:hollow_longsword":1,"darkestsouls:hollow_assassin":2,"minecraft:piglin_brute":1,"minecraft:tropical_fish":1,"alexsmobs:anteater":1,"minecraft:zombie_villager":2,"born_in_chaos_v1:diamond_termite":3,"darkestsouls:gravetender_hollow_broken_straightsword":1,"minecraft:sheep":10,"darkestsouls:skeleton_spear":4,"born_in_chaos_v1:zombie_fisherman":1,"minecraft:pillager":3,"minecraft:zombie":16,"born_in_chaos_v1:corpse_fly":5,"darkestsouls:huntsman_rifle":1,"born_in_chaos_v1:door_knight":1,"minecraft:cow":4,"darkestsouls:hollow_axe":2,"alexsmobs:bone_serpent":1,"darkestsouls:church_doctor":1,"born_in_chaos_v1:maggot":9,"darkestsouls:skeleton_falchion":6,"born_in_chaos_v1:barrel_zombie":1,"born_in_chaos_v1:spiritof_chaos":1,"born_in_chaos_v1:fallen_chaos_knight":1,"minecraft:husk":4,"born_in_chaos_v1:baby_skeleton":2,"minecraft:bat":1,"born_in_chaos_v1:decrepit_skeleton":1,"alexsmobs:gelada_monkey":1,"alexsmobs:cockroach":1,"darkestsouls:cloaked_beast_patient":7,"darkestsouls:skeleton_swordsman_twin_shotels":2,"minecraft:villager":2},"minecraft:killed_by":{"minecraft:zombie_villager":1,"minecraft:piglin_brute":2,"minecraft:creeper":1,"darkestsouls:cloaked_beast_patient":1,"born_in_chaos_v1:corpse_fly":1,"darkestsouls:skeleton_spear":2,"minecraft:husk":1,"minecraft:player":4,"darkestsouls:skeleton_swordsman_twin_shotels":1,"darkestsouls:skeleton_curved_swords":1,"darkestsouls:beast_patient":2},"minecraft:used":{"minecraft:moss_block":2,"minecraft:spruce_slab":4,"minecraft:chest":12,"minecraft:shield":107,"minecraft:iron_sword":228,"born_in_chaos_v1:soul_cutlass":158,"minecraft:snowball":16,"minecraft:obsidian":10,"born_in_chaos_v1:corpse_maggot":1,"minecraft:lava_bucket":5,"minecraft:stone_bricks":26,"minecraft:furnace":6,"minecraft:stone_pickaxe":70,"minecraft:oak_planks":12,"minecraft:wooden_pickaxe":9,"minecraft:glow_berries":29,"minecraft:blast_furnace":1,"minecraft:shears":17,"minecraft:zombie_head":2,"minecraft:bread":82,"born_in_chaos_v1:pumpkin_staff":7,"minecraft:gravel":24,"minecraft:diamond_sword":282,"minecraft:smithing_table":1,"minecraft:oak_fence":45,"minecraft:enchanting_table":1,"minecraft:flint_and_steel":3,"minecraft:stone_shovel":2,"minecraft:spruce_planks":63,"minecraft:stone_hoe":57,"minecraft:oak_door":1,"minecraft:dirt":13,"minecraft:torch":102,"minecraft:brewing_stand":2,"minecraft:iron_hoe":250,"minecraft:bookshelf":20,"minecraft:iron_axe":61,"minecraft:oak_stairs":12,"alexsmobs:blobfish":1,"minecraft:water_bucket":36,"darkestsouls:chaos_staff":7,"minecraft:salmon":1,"minecraft:oak_slab":6,"minecraft:crafting_table":3,"minecraft:white_bed":3,"minecraft:spruce_log":5,"minecraft:smoker":1,"minecraft:wooden_hoe":55,"minecraft:diamond_pickaxe":248,"minecraft:iron_pickaxe":269,"minecraft:stone_axe":136,"minecraft:potion":1,"minecraft:cobblestone":12,"minecraft:cooked_porkchop":3,"minecraft:bucket":42,"minecraft:pumpkin_pie":5,"alexsmobs:animal_dictionary":2},"minecraft:mined":{"darkestsouls:siderite_ore":13,"minecraft:white_bed":4,"minecraft:spruce_planks":11,"minecraft:farmland":1,"minecraft:sculk_vein":18,"minecraft:potted_blue_orchid":1,"minecraft:orange_wool":1,"minecraft:brewing_stand":2,"minecraft:obsidian":14,"minecraft:grass_block":7,"minecraft:stone_brick_wall":2,"darkestsouls:deepslate_siderite_ore":5,"minecraft:oak_pressure_plate":2,"minecraft:coal_block":6,"minecraft:oxeye_daisy":1,"minecraft:oak_wall_sign":1,"minecraft:spawner":2,"minecraft:sculk_catalyst":1,"minecraft:iron_ore":56,"minecraft:fire":2,"minecraft:azure_bluet":1,"minecraft:sculk_shrieker":2,"minecraft:cave_vines":7,"minecraft:oak_stairs":16,"minecraft:white_banner":1,"minecraft:smoker":1,"minecraft:powder_snow":3,"minecraft:clay":3,"born_in_chaos_v1:infected_deepslate_diamond_ore":1,"minecraft:torch":1,"minecraft:poppy":1,"minecraft:chest":4,"minecraft:nether_quartz_ore":39,"minecraft:cobblestone":10,"minecraft:oak_planks":6,"minecraft:wall_torch":1,"minecraft:warped_nylium":7,"minecraft:wheat":2,"born_in_chaos_v1:river_mint":1,"minecraft:stone_brick_stairs":1,"minecraft:smooth_stone_slab":3,"minecraft:grass":83,"minecraft:oak_log":43,"minecraft:loom":1,"minecraft:dirt":5,"minecraft:zombie_wall_head":1,"minecraft:netherrack":69,"minecraft:oak_leaves":2,"minecraft:deepslate":21,"minecraft:nether_gold_ore":2,"minecraft:tuff":5,"minecraft:dark_oak_leaves":10,"minecraft:deepslate_diamond_ore":32,"minecraft:oak_door":1,"born_in_chaos_v1:infected_diamond_ore":1,"minecraft:lever":1,"minecraft:decorated_pot":1,"born_in_chaos_v1:black_argillite":1,"minecraft:white_stained_glass":1,"darkestsouls:nether_cinnabar_ore":4,"minecraft:spruce_leaves":19,"minecraft:moss_block":18,"minecraft:large_fern":4,"minecraft:hay_block":21,"minecraft:furnace":7,"minecraft:big_dripleaf_stem":2,"minecraft:bookshelf":22,"minecraft:deepslate_iron_ore":6,"minecraft:vine":1,"minecraft:rail":1,"minecraft:lantern":1,"minecraft:stone":102,"minecraft:white_wool":4,"minecraft:oak_slab":12,"minecraft:scaffolding":2,"minecraft:flowering_azalea":1,"minecraft:glass_pane":1,"minecraft:dandelion":1,"minecraft:oak_fence":19,"minecraft:crafting_table":2,"minecraft:warped_roots":1,"minecraft:rose_bush":1,"minecraft:sculk_sensor":7,"minecraft:campfire":4,"minecraft:stone_slab":1,"minecraft:copper_ore":1,"minecraft:tall_grass":36,"minecraft:lapis_ore":4,"minecraft:deepslate_gold_ore":7,"minecraft:sculk":285,"minecraft:beehive":1,"minecraft:sweet_berry_bush":5,"minecraft:spruce_log":26,"minecraft:coal_ore":20,"darkestsouls:cinnabar_ore":44,"minecraft:zombie_head":1,"minecraft:gravel":27,"minecraft:gray_carpet":1,"minecraft:cobweb":10,"minecraft:stone_bricks":62,"minecraft:fern":1}},"DataVersion":3465}