{"stats":{"minecraft:picked_up":{"minecraft:iron_chestplate":8,"minecraft:wheat":50,"minecraft:flower_pot":1,"minecraft:stone_slab":1,"minecraft:oak_stairs":12,"alexsmobs:bone_serpent_tooth":1,"darkestsouls:beast_blood_clump":9,"born_in_chaos_v1:black_argillite":1,"minecraft:string":2,"minecraft:raw_copper":6,"minecraft:smooth_stone_slab":3,"minecraft:iron_leggings":5,"minecraft:zombie_head":1,"minecraft:experience_bottle":2,"minecraft:oak_sign":3,"minecraft:smooth_stone":5,"minecraft:cobbled_deepslate":18,"minecraft:bucket":3,"minecraft:spruce_planks":15,"minecraft:azalea":1,"minecraft:iron_pickaxe":4,"minecraft:coal_block":6,"minecraft:iron_boots":5,"minecraft:furnace":9,"minecraft:stick":21,"minecraft:big_dripleaf":7,"minecraft:oak_fence":14,"minecraft:torch":62,"minecraft:porkchop":3,"minecraft:brown_carpet":1,"minecraft:rotten_flesh":7,"minecraft:tropical_fish":1,"darkestsouls:quicksilver":85,"minecraft:obsidian":14,"minecraft:snowball":16,"minecraft:cobblestone":103,"minecraft:brown_wool":2,"minecraft:smoker":1,"minecraft:potato":9,"minecraft:flint":1,"darkestsouls:cinnabar":71,"minecraft:tuff":3,"minecraft:dirt":211,"minecraft:lantern":2,"minecraft:twisting_vines":4,"minecraft:leather_boots":2,"minecraft:bone":24,"minecraft:bow":4,"minecraft:wheat_seeds":11,"minecraft:raw_gold":1,"minecraft:rabbit":2,"minecraft:powered_rail":2,"minecraft:moss_block":21,"minecraft:oak_planks":10,"darkestsouls:bone_fragment":4,"minecraft:cooked_porkchop":3,"minecraft:oak_pressure_plate":2,"minecraft:loom":1,"minecraft:diamond":22,"minecraft:emerald":1,"minecraft:bread":61,"minecraft:netherrack":47,"minecraft:charcoal":8,"minecraft:crafting_table":3,"born_in_chaos_v1:diamond_termite_shard":3,"minecraft:azure_bluet":2,"minecraft:clay_ball":12,"minecraft:wooden_pickaxe":1,"minecraft:stone_brick_wall":2,"minecraft:shield":2,"minecraft:moss_carpet":5,"minecraft:iron_axe":1,"minecraft:item_frame":9,"minecraft:iron_shovel":2,"minecraft:blue_orchid":1,"minecraft:poppy":1,"minecraft:chest":3,"minecraft:raw_iron":38,"minecraft:stone":6,"minecraft:oak_door":1,"darkestsouls:soul_fragment":10,"darkestsouls:torn_cloth_piece":1,"sophisticatedbackpacks:backpack":3,"minecraft:carrot":1,"minecraft:stone_pressure_plate":2,"minecraft:arrow":3,"minecraft:beetroot_seeds":3,"minecraft:pumpkin_pie":2,"minecraft:shears":1,"minecraft:hay_block":8,"minecraft:saddle":1,"minecraft:glow_berries":17,"minecraft:mutton":12,"minecraft:bone_block":1,"minecraft:white_wool":11,"minecraft:rail":6,"minecraft:oxeye_daisy":1,"born_in_chaos_v1:corpse_maggot":5,"minecraft:glow_ink_sac":7,"minecraft:filled_map":1,"minecraft:oak_log":33,"minecraft:wooden_hoe":2,"minecraft:white_banner":1,"minecraft:stone_bricks":61,"minecraft:iron_ingot":3,"darkestsouls:blood_stone_fragment":3,"minecraft:iron_sword":3,"minecraft:flowering_azalea":3,"minecraft:book":130,"minecraft:oak_slab":13,"minecraft:scaffolding":2,"minecraft:sweet_berries":11,"darkestsouls:rusty_mail_scrap":1,"minecraft:dandelion":1,"minecraft:gravel":25,"minecraft:white_bed":4,"minecraft:spruce_log":29,"darkestsouls:siderite_fragment":22,"minecraft:iron_helmet":5,"darkestsouls:small_soul_fragment":5,"minecraft:black_wool":3,"minecraft:coal":38},"minecraft:used":{"minecraft:moss_block":2,"minecraft:spruce_slab":4,"minecraft:chest":5,"minecraft:shield":79,"minecraft:iron_sword":228,"minecraft:snowball":16,"minecraft:obsidian":10,"born_in_chaos_v1:corpse_maggot":1,"minecraft:lava_bucket":5,"minecraft:stone_bricks":26,"minecraft:furnace":6,"minecraft:stone_pickaxe":70,"minecraft:oak_planks":12,"minecraft:wooden_pickaxe":9,"minecraft:glow_berries":29,"minecraft:blast_furnace":1,"minecraft:zombie_head":1,"minecraft:bread":36,"minecraft:gravel":24,"minecraft:diamond_sword":75,"minecraft:oak_fence":45,"minecraft:flint_and_steel":3,"minecraft:stone_shovel":2,"minecraft:spruce_planks":63,"minecraft:oak_door":1,"minecraft:torch":65,"minecraft:dirt":13,"minecraft:iron_axe":19,"minecraft:oak_stairs":12,"minecraft:water_bucket":36,"darkestsouls:chaos_staff":7,"minecraft:salmon":1,"minecraft:oak_slab":6,"minecraft:crafting_table":3,"minecraft:white_bed":3,"minecraft:smoker":1,"minecraft:spruce_log":5,"minecraft:wooden_hoe":55,"minecraft:diamond_pickaxe":108,"minecraft:iron_pickaxe":269,"minecraft:stone_axe":136,"minecraft:cobblestone":12,"minecraft:cooked_porkchop":3,"minecraft:bucket":42,"alexsmobs:animal_dictionary":2},"minecraft:killed":{"darkestsouls:skeleton_curved_swords":1,"darkestsouls:ashen_blood_beast_patient":2,"darkestsouls:sewer_centipede":1,"minecraft:skeleton":1,"darkestsouls:beast_patient":2,"darkestsouls:hollow_longsword":1,"darkestsouls:hollow_assassin":1,"minecraft:piglin_brute":1,"minecraft:tropical_fish":1,"born_in_chaos_v1:diamond_termite":3,"darkestsouls:gravetender_hollow_broken_straightsword":1,"minecraft:sheep":5,"darkestsouls:skeleton_spear":4,"minecraft:zombie":5,"born_in_chaos_v1:corpse_fly":3,"darkestsouls:huntsman_rifle":1,"born_in_chaos_v1:door_knight":1,"alexsmobs:bone_serpent":1,"darkestsouls:church_doctor":1,"born_in_chaos_v1:maggot":3,"darkestsouls:skeleton_falchion":6,"born_in_chaos_v1:spiritof_chaos":1,"minecraft:bat":1,"born_in_chaos_v1:decrepit_skeleton":1,"darkestsouls:cloaked_beast_patient":2,"darkestsouls:skeleton_swordsman_twin_shotels":2,"minecraft:villager":1},"minecraft:killed_by":{"minecraft:piglin_brute":2,"minecraft:creeper":1,"darkestsouls:cloaked_beast_patient":1,"born_in_chaos_v1:corpse_fly":1,"darkestsouls:skeleton_spear":2,"minecraft:player":2,"darkestsouls:skeleton_curved_swords":1,"darkestsouls:beast_patient":2},"minecraft:broken":{"minecraft:stone_axe":1,"minecraft:iron_helmet":1},"minecraft:crafted":{"minecraft:oak_planks":132,"minecraft:smooth_stone":8,"minecraft:stone":13,"minecraft:cooked_mutton":2,"minecraft:diamond_leggings":1,"minecraft:chest":2,"minecraft:oak_fence":48,"minecraft:crafting_table":1,"minecraft:spruce_planks":28,"minecraft:wooden_pickaxe":1,"minecraft:wooden_hoe":1,"minecraft:diamond_pickaxe":1,"minecraft:shield":1,"minecraft:stick":120,"minecraft:iron_pickaxe":2,"minecraft:iron_ingot":38,"minecraft:oak_door":3,"minecraft:stone_shovel":1,"minecraft:furnace":3,"minecraft:blast_furnace":1,"minecraft:flint_and_steel":1,"minecraft:iron_axe":1,"minecraft:spruce_slab":6,"minecraft:stone_pickaxe":1,"minecraft:wheat":432,"minecraft:diamond_sword":1,"minecraft:iron_sword":1,"darkestsouls:quicksilver":59,"minecraft:bucket":1,"minecraft:stone_axe":1,"minecraft:bread":128,"minecraft:air":0,"minecraft:torch":104,"minecraft:diamond_chestplate":1},"minecraft:dropped":{"minecraft:iron_sword":2,"minecraft:moss_block":16,"minecraft:porkchop":3,"minecraft:crafting_table":1,"minecraft:item_frame":4,"minecraft:dirt":56,"minecraft:iron_pickaxe":1,"minecraft:white_wool":6,"minecraft:azure_bluet":1,"minecraft:poppy":1,"born_in_chaos_v1:corpse_maggot":1,"minecraft:leather_boots":2,"darkestsouls:quicksilver":66,"darkestsouls:cinnabar":7,"minecraft:water_bucket":1,"minecraft:oak_slab":4,"minecraft:wheat_seeds":3,"minecraft:oak_fence":1,"minecraft:iron_helmet":2,"minecraft:tropical_fish":1,"minecraft:coal":2,"minecraft:stick":2,"born_in_chaos_v1:black_argillite":1,"minecraft:wooden_hoe":1,"minecraft:torch":40,"minecraft:brown_wool":1,"minecraft:iron_leggings":3,"minecraft:string":2,"minecraft:bucket":2,"darkestsouls:siderite_fragment":8,"minecraft:furnace":5,"minecraft:raw_copper":6,"darkestsouls:torn_cloth_piece":1,"minecraft:clay_ball":4,"minecraft:iron_boots":3,"sophisticatedbackpacks:backpack":1,"minecraft:shears":1,"minecraft:big_dripleaf":6,"minecraft:stone":11,"minecraft:shield":1,"minecraft:flower_pot":1,"minecraft:spruce_planks":3,"minecraft:iron_chestplate":6,"minecraft:stone_pressure_plate":2,"minecraft:stone_bricks":1,"minecraft:brown_carpet":1,"minecraft:spruce_log":10,"minecraft:bow":1,"minecraft:blue_orchid":1,"minecraft:stone_pickaxe":1,"minecraft:wooden_pickaxe":2},"minecraft:mined":{"darkestsouls:siderite_ore":13,"minecraft:spruce_planks":11,"minecraft:white_bed":4,"minecraft:farmland":1,"minecraft:sculk_vein":1,"minecraft:potted_blue_orchid":1,"minecraft:obsidian":14,"minecraft:grass_block":6,"minecraft:stone_brick_wall":2,"minecraft:oak_pressure_plate":2,"minecraft:coal_block":6,"minecraft:oak_wall_sign":1,"minecraft:oxeye_daisy":1,"minecraft:iron_ore":30,"minecraft:fire":2,"minecraft:azure_bluet":1,"minecraft:cave_vines":7,"minecraft:oak_stairs":16,"minecraft:white_banner":1,"minecraft:smoker":1,"minecraft:powder_snow":3,"minecraft:clay":3,"born_in_chaos_v1:infected_deepslate_diamond_ore":1,"minecraft:torch":1,"minecraft:poppy":1,"minecraft:chest":3,"minecraft:nether_quartz_ore":1,"minecraft:cobblestone":10,"minecraft:oak_planks":6,"minecraft:wall_torch":1,"minecraft:warped_nylium":7,"minecraft:wheat":2,"minecraft:stone_brick_stairs":1,"minecraft:smooth_stone_slab":3,"minecraft:grass":48,"minecraft:oak_log":33,"minecraft:loom":1,"minecraft:dirt":5,"minecraft:netherrack":40,"minecraft:oak_leaves":1,"minecraft:deepslate":15,"minecraft:nether_gold_ore":2,"minecraft:tuff":4,"minecraft:deepslate_diamond_ore":22,"minecraft:oak_door":1,"born_in_chaos_v1:infected_diamond_ore":1,"born_in_chaos_v1:black_argillite":1,"minecraft:white_stained_glass":1,"darkestsouls:nether_cinnabar_ore":4,"minecraft:spruce_leaves":2,"minecraft:moss_block":17,"minecraft:hay_block":21,"minecraft:furnace":7,"minecraft:big_dripleaf_stem":2,"minecraft:bookshelf":22,"minecraft:vine":1,"minecraft:rail":1,"minecraft:lantern":1,"minecraft:stone":98,"minecraft:white_wool":4,"minecraft:oak_slab":12,"minecraft:scaffolding":2,"minecraft:flowering_azalea":1,"minecraft:glass_pane":1,"minecraft:dandelion":1,"minecraft:oak_fence":18,"minecraft:crafting_table":2,"minecraft:warped_roots":1,"minecraft:sculk_sensor":1,"minecraft:campfire":4,"minecraft:stone_slab":1,"minecraft:tall_grass":16,"minecraft:copper_ore":1,"minecraft:deepslate_gold_ore":1,"minecraft:sculk":2,"minecraft:beehive":1,"minecraft:sweet_berry_bush":5,"minecraft:spruce_log":9,"minecraft:coal_ore":19,"darkestsouls:cinnabar_ore":44,"minecraft:zombie_head":1,"minecraft:gravel":27,"minecraft:stone_bricks":62},"minecraft:custom":{"minecraft:interact_with_crafting_table":47,"minecraft:open_barrel":1,"minecraft:eat_cake_slice":3,"minecraft:leave_game":5,"minecraft:time_since_death":1126,"minecraft:sprint_one_cm":495715,"minecraft:damage_blocked_by_shield":1915,"minecraft:drop":95,"minecraft:play_time":171813,"minecraft:deaths":17,"minecraft:jump":2126,"minecraft:walk_on_water_one_cm":67667,"minecraft:interact_with_furnace":37,"minecraft:interact_with_loom":2,"minecraft:sleep_in_bed":5,"minecraft:damage_dealt":13431,"minecraft:player_kills":2,"minecraft:crouch_one_cm":25248,"minecraft:interact_with_smoker":1,"minecraft:mob_kills":56,"minecraft:damage_dealt_resisted":414,"minecraft:climb_one_cm":2486,"minecraft:walk_one_cm":549235,"minecraft:sneak_time":7488,"minecraft:walk_under_water_one_cm":31543,"minecraft:interact_with_blast_furnace":6,"minecraft:total_world_time":171813,"minecraft:time_since_rest":1161,"minecraft:damage_taken":6465,"minecraft:swim_one_cm":3308,"minecraft:fly_one_cm":478535,"minecraft:open_chest":65,"minecraft:fall_one_cm":65926}},"DataVersion":3465}