{"stats":{"minecraft:custom":{"minecraft:interact_with_crafting_table":35,"minecraft:open_barrel":14,"minecraft:eat_cake_slice":7,"minecraft:leave_game":5,"minecraft:time_since_death":6837,"minecraft:damage_resisted":80,"minecraft:sprint_one_cm":597889,"minecraft:damage_blocked_by_shield":1164,"minecraft:drop":67,"minecraft:talked_to_villager":9,"minecraft:play_time":259246,"minecraft:deaths":15,"minecraft:jump":5029,"minecraft:walk_on_water_one_cm":42648,"minecraft:enchant_item":13,"minecraft:interact_with_furnace":45,"minecraft:interact_with_loom":3,"minecraft:sleep_in_bed":2,"minecraft:damage_dealt":25845,"minecraft:player_kills":4,"minecraft:crouch_one_cm":35704,"minecraft:interact_with_smoker":10,"minecraft:interact_with_smithing_table":6,"minecraft:interact_with_anvil":7,"minecraft:mob_kills":101,"minecraft:damage_dealt_resisted":605,"minecraft:climb_one_cm":6186,"minecraft:walk_one_cm":705178,"minecraft:sneak_time":15013,"minecraft:walk_under_water_one_cm":23474,"minecraft:interact_with_blast_furnace":1,"minecraft:total_world_time":259246,"minecraft:time_since_rest":6871,"minecraft:damage_taken":7261,"minecraft:damage_absorbed":115,"minecraft:swim_one_cm":13136,"minecraft:fly_one_cm":1675623,"minecraft:open_chest":104,"minecraft:fall_one_cm":167887},"minecraft:broken":{"minecraft:golden_axe":1,"minecraft:iron_axe":1},"minecraft:dropped":{"minecraft:iron_sword":3,"minecraft:moss_block":10,"minecraft:porkchop":3,"minecraft:lapis_lazuli":23,"minecraft:glow_ink_sac":5,"minecraft:diamond":2,"minecraft:crafting_table":1,"minecraft:cooked_porkchop":3,"minecraft:netherite_upgrade_smithing_template":1,"minecraft:item_frame":1,"minecraft:dirt":11,"minecraft:bone":2,"born_in_chaos_v1:ethereal_spirit":1,"darkestsouls:beast_blood_clump":3,"minecraft:poppy":1,"minecraft:chest":1,"darkestsouls:quicksilver":13,"minecraft:arrow":1,"minecraft:oak_slab":3,"minecraft:diamond_leggings":2,"minecraft:stick":2,"minecraft:diorite":1,"minecraft:potion":3,"minecraft:iron_leggings":1,"minecraft:oak_stairs":2,"minecraft:wither_rose":2,"minecraft:iron_axe":1,"minecraft:string":1,"minecraft:spruce_sapling":2,"minecraft:diamond_hoe":1,"sophisticatedbackpacks:backpack":1,"born_in_chaos_v1:charmof_fury":1,"minecraft:filled_map":1,"minecraft:piglin_banner_pattern":1,"minecraft:spruce_planks":12,"minecraft:stone_bricks":1,"minecraft:spruce_log":30},"minecraft:crafted":{"minecraft:oak_planks":32,"minecraft:stone":6,"minecraft:diamond_helmet":1,"minecraft:oak_fence":12,"minecraft:cooked_porkchop":3,"minecraft:spruce_planks":100,"minecraft:wooden_pickaxe":1,"minecraft:diamond_pickaxe":1,"minecraft:shield":4,"minecraft:stick":20,"minecraft:iron_ingot":14,"minecraft:iron_pickaxe":1,"minecraft:iron_block":2,"minecraft:gold_ingot":18,"minecraft:netherite_ingot":1,"minecraft:shears":1,"minecraft:iron_axe":1,"minecraft:stone_pickaxe":1,"minecraft:netherite_scrap":3,"minecraft:cooked_beef":8,"minecraft:diamond_sword":2,"darkestsouls:quicksilver":1,"minecraft:air":0,"aether:iron_gloves":1,"minecraft:iron_shovel":1,"minecraft:anvil":1,"minecraft:diamond_chestplate":1},"minecraft:picked_up":{"minecraft:iron_chestplate":4,"minecraft:wheat":37,"minecraft:oak_stairs":14,"minecraft:wither_rose":2,"minecraft:potion":1,"darkestsouls:beast_blood_clump":6,"born_in_chaos_v1:black_argillite":1,"minecraft:dark_oak_trapdoor":1,"minecraft:string":20,"minecraft:iron_leggings":5,"minecraft:armor_stand":4,"minecraft:netherite_ingot":1,"darkestsouls:rune_fragment":4,"minecraft:experience_bottle":1,"minecraft:sea_pickle":3,"minecraft:cobbled_deepslate":23,"minecraft:spruce_planks":30,"minecraft:calcite":5,"minecraft:iron_pickaxe":3,"minecraft:coal_block":6,"minecraft:furnace":11,"minecraft:iron_boots":4,"minecraft:stick":39,"minecraft:birch_trapdoor":1,"minecraft:big_dripleaf":7,"minecraft:oak_fence":14,"minecraft:torch":67,"born_in_chaos_v1:pileof_dark_metal":1,"minecraft:porkchop":7,"minecraft:diorite":1,"born_in_chaos_v1:nightmare_claw":1,"minecraft:rotten_flesh":16,"minecraft:tropical_fish":1,"darkestsouls:quicksilver":33,"darkestsouls:titanite_fragment":1,"minecraft:iron_bars":1,"minecraft:cobblestone":82,"minecraft:water_bucket":1,"minecraft:potato":10,"darkestsouls:cinnabar":7,"minecraft:tuff":1,"minecraft:lapis_lazuli":54,"minecraft:dirt":290,"minecraft:lantern":2,"minecraft:bone":13,"minecraft:bow":4,"minecraft:wheat_seeds":7,"minecraft:raw_gold":5,"minecraft:moss_block":21,"minecraft:oak_planks":11,"darkestsouls:bone_fragment":1,"minecraft:loom":1,"alexsmobs:animal_dictionary":1,"minecraft:diamond":24,"minecraft:bread":8,"minecraft:oak_sapling":1,"minecraft:netherrack":23,"minecraft:crafting_table":6,"minecraft:azure_bluet":4,"minecraft:clay_ball":12,"born_in_chaos_v1:charmof_resistance":1,"minecraft:shield":3,"minecraft:moss_carpet":3,"minecraft:iron_axe":3,"minecraft:item_frame":1,"minecraft:iron_shovel":1,"minecraft:iron_nugget":4,"minecraft:poppy":4,"minecraft:chest":1,"minecraft:diamond_hoe":1,"minecraft:raw_iron":45,"minecraft:stone":22,"minecraft:oak_door":3,"darkestsouls:soul_fragment":3,"darkestsouls:torn_cloth_piece":2,"sophisticatedbackpacks:backpack":1,"minecraft:polished_blackstone_bricks":4,"minecraft:stone_button":1,"born_in_chaos_v1:pieceofdarkmetal":2,"minecraft:carrot":11,"born_in_chaos_v1:charmof_fury":2,"minecraft:arrow":4,"minecraft:shears":3,"minecraft:hay_block":48,"sophisticatedbackpacks:copper_backpack":3,"minecraft:mutton":4,"minecraft:glow_berries":7,"minecraft:white_wool":24,"minecraft:heartbreak_pottery_sherd":1,"born_in_chaos_v1:corpse_maggot":2,"born_in_chaos_v1:monster_flesh":2,"minecraft:glow_ink_sac":7,"minecraft:birch_planks":1,"minecraft:oak_log":9,"minecraft:cobblestone_stairs":1,"minecraft:cooked_mutton":3,"minecraft:stone_bricks":2,"minecraft:iron_ingot":32,"darkestsouls:blood_stone_fragment":2,"born_in_chaos_v1:fel_lamp":1,"minecraft:flowering_azalea":1,"minecraft:oak_slab":15,"born_in_chaos_v1:ethereal_spirit":1,"minecraft:quartz":6,"minecraft:gravel":21,"minecraft:red_banner":2,"minecraft:spruce_sapling":4,"minecraft:blast_furnace":1,"minecraft:spruce_log":40,"minecraft:spider_eye":4,"minecraft:spruce_door":1,"darkestsouls:siderite_fragment":21,"minecraft:iron_helmet":3,"minecraft:warped_roots":2,"minecraft:baked_potato":4,"minecraft:coal":13},"minecraft:killed":{"born_in_chaos_v1:mr_pumpkin":6,"darkestsouls:ashen_blood_beast_patient":1,"born_in_chaos_v1:sir_the_headless":1,"minecraft:spider":11,"minecraft:skeleton":3,"born_in_chaos_v1:skeleton_thrasher":1,"darkestsouls:beast_patient":6,"darkestsouls:church_doctor_lantern":2,"minecraft:piglin_brute":1,"minecraft:piglin":5,"minecraft:zombie_villager":2,"minecraft:iron_golem":1,"minecraft:sheep":3,"darkestsouls:skeleton_spear":2,"minecraft:zombie":12,"born_in_chaos_v1:corpse_fly":4,"darkestsouls:hollow_axe":1,"born_in_chaos_v1:missioner":1,"born_in_chaos_v1:zombie_bruiser":3,"born_in_chaos_v1:maggot":3,"born_in_chaos_v1:pumpkinhead":1,"darkestsouls:hollow_broken_straightsword":1,"darkestsouls:skeleton_falchion":6,"born_in_chaos_v1:felsteed":1,"minecraft:husk":3,"born_in_chaos_v1:baby_skeleton":2,"born_in_chaos_v1:decrepit_skeleton":2,"darkestsouls:cloaked_beast_patient":5},"minecraft:killed_by":{"darkestsouls:skeleton_spear":1,"darkestsouls:leech":1,"minecraft:player":3,"darkestsouls:skeleton_swordsman_twin_shotels":2,"darkestsouls:skeleton_curved_swords":1,"minecraft:warden":1,"darkestsouls:beast_patient":1},"minecraft:used":{"minecraft:moss_block":3,"minecraft:iron_shovel":182,"sophisticatedbackpacks:copper_backpack":1,"minecraft:poppy":7,"minecraft:chest":1,"minecraft:shield":41,"minecraft:stone":11,"minecraft:iron_sword":3,"minecraft:iron_chestplate":1,"minecraft:mutton":8,"minecraft:carrot":27,"born_in_chaos_v1:corpse_maggot":1,"minecraft:lantern":1,"minecraft:grass_block":234,"minecraft:iron_helmet":1,"minecraft:stone_bricks":14,"minecraft:bow":44,"minecraft:furnace":4,"born_in_chaos_v1:fel_lamp":2,"minecraft:oak_sapling":14,"minecraft:potato":2,"minecraft:stone_pickaxe":67,"minecraft:oak_planks":69,"minecraft:wooden_pickaxe":11,"darkestsouls:huntsman_spawn_group_1":1,"minecraft:golden_apple":3,"minecraft:glow_berries":2,"minecraft:loom":2,"minecraft:bread":24,"minecraft:gravel":21,"minecraft:diamond_sword":336,"minecraft:bone_meal":88,"minecraft:experience_bottle":4,"minecraft:oak_fence":25,"minecraft:tropical_fish":1,"minecraft:spruce_planks":15,"born_in_chaos_v1:black_argillite":1,"minecraft:netherrack":14,"minecraft:oak_door":1,"minecraft:torch":69,"minecraft:dirt":55,"minecraft:anvil":1,"minecraft:iron_hoe":35,"minecraft:iron_axe":310,"minecraft:oak_stairs":9,"minecraft:acacia_wood":4,"minecraft:cooked_beef":8,"minecraft:cobbled_deepslate":9,"minecraft:golden_axe":32,"minecraft:cooked_mutton":3,"minecraft:water_bucket":13,"born_in_chaos_v1:spiritof_chaos_spawn_egg":1,"born_in_chaos_v1:scarlet_persecutor_spawn_egg":1,"minecraft:baked_potato":4,"minecraft:polished_blackstone_bricks":3,"minecraft:salmon":3,"minecraft:oak_slab":2,"minecraft:crafting_table":2,"minecraft:cake":1,"minecraft:spruce_log":3,"minecraft:oak_log":2,"minecraft:diamond_pickaxe":105,"minecraft:iron_pickaxe":93,"minecraft:spruce_sapling":1,"minecraft:cobblestone":24,"minecraft:potion":1,"minecraft:porkchop":5,"minecraft:red_banner":1,"minecraft:bucket":6,"minecraft:dandelion":6},"minecraft:mined":{"darkestsouls:siderite_ore":1,"minecraft:spruce_planks":6,"minecraft:cobblestone_stairs":1,"minecraft:sculk_vein":7,"minecraft:cave_vines_plant":7,"minecraft:grass_block":133,"darkestsouls:deepslate_siderite_ore":4,"minecraft:spawner":5,"minecraft:polished_blackstone_bricks":4,"minecraft:raw_iron_block":1,"minecraft:sculk_catalyst":3,"minecraft:dark_oak_trapdoor":1,"minecraft:iron_ore":24,"minecraft:pumpkin":1,"minecraft:deepslate_lapis_ore":3,"minecraft:azure_bluet":1,"minecraft:twisting_vines":1,"minecraft:sculk_shrieker":6,"minecraft:cave_vines":5,"minecraft:dirt_path":6,"minecraft:oak_stairs":9,"minecraft:iron_bars":1,"sophisticatedbackpacks:copper_backpack":1,"minecraft:twisting_vines_plant":2,"minecraft:powder_snow":2,"minecraft:clay":3,"minecraft:blast_furnace":1,"minecraft:calcite":12,"minecraft:nether_quartz_ore":6,"minecraft:cobblestone":14,"minecraft:oak_planks":11,"minecraft:amethyst_block":2,"minecraft:warped_nylium":3,"minecraft:wheat":14,"minecraft:birch_trapdoor":1,"minecraft:grass":39,"minecraft:oak_log":6,"minecraft:loom":1,"minecraft:dirt":12,"born_in_chaos_v1:infernal_evil_pumpkin_s":1,"minecraft:netherrack":24,"minecraft:deepslate":20,"minecraft:tuff":1,"minecraft:dark_oak_leaves":9,"minecraft:deepslate_diamond_ore":24,"minecraft:decorated_pot":1,"born_in_chaos_v1:black_argillite":1,"minecraft:spruce_leaves":23,"minecraft:moss_block":18,"minecraft:large_fern":4,"minecraft:hay_block":35,"minecraft:furnace":3,"minecraft:carrots":3,"minecraft:potatoes":4,"minecraft:deepslate_iron_ore":5,"minecraft:lantern":1,"minecraft:stone":26,"minecraft:white_wool":3,"minecraft:cake":1,"minecraft:oak_slab":1,"minecraft:glass_pane":1,"minecraft:red_banner":2,"minecraft:spruce_door":1,"minecraft:oak_fence":4,"minecraft:crafting_table":2,"minecraft:sculk_sensor":18,"minecraft:tall_grass":11,"minecraft:deepslate_coal_ore":1,"minecraft:lapis_ore":1,"minecraft:deepslate_gold_ore":6,"minecraft:sculk":16,"minecraft:diorite":1,"minecraft:big_dripleaf":1,"minecraft:birch_planks":1,"minecraft:sea_pickle":1,"minecraft:spruce_log":38,"minecraft:coal_ore":7,"minecraft:gravel":20}},"DataVersion":3465}