{"stats":{"minecraft:used":{"born_in_chaos_v1:spiritof_chaos_spawn_egg":1,"born_in_chaos_v1:scarlet_persecutor_spawn_egg":1,"minecraft:tropical_fish":1,"minecraft:stone_pickaxe":67,"minecraft:wooden_pickaxe":11,"minecraft:spruce_planks":12,"minecraft:shield":3,"born_in_chaos_v1:black_argillite":1,"darkestsouls:huntsman_spawn_group_1":1,"minecraft:iron_chestplate":1,"minecraft:salmon":3,"minecraft:glow_berries":2,"minecraft:dirt":4,"minecraft:crafting_table":1,"minecraft:spruce_log":3,"minecraft:iron_axe":5,"minecraft:bread":1,"minecraft:iron_pickaxe":3,"minecraft:iron_helmet":1,"minecraft:spruce_sapling":1,"minecraft:cobblestone":24,"minecraft:furnace":1,"minecraft:porkchop":2},"minecraft:dropped":{"minecraft:moss_block":10,"minecraft:porkchop":3,"minecraft:cooked_porkchop":3,"sophisticatedbackpacks:backpack":1,"minecraft:spruce_planks":12,"darkestsouls:quicksilver":1,"minecraft:iron_leggings":1},"minecraft:killed":{"minecraft:spider":1,"darkestsouls:cloaked_beast_patient":1},"minecraft:mined":{"minecraft:clay":2,"minecraft:crafting_table":2,"minecraft:cave_vines_plant":2,"born_in_chaos_v1:black_argillite":1,"minecraft:tall_grass":1,"minecraft:cobblestone":14,"minecraft:deepslate_coal_ore":1,"minecraft:moss_block":14,"minecraft:big_dripleaf":1,"minecraft:spawner":1,"minecraft:large_fern":3,"minecraft:furnace":3,"minecraft:iron_ore":21,"minecraft:spruce_log":8,"minecraft:grass":2,"minecraft:coal_ore":1,"minecraft:cave_vines":1,"minecraft:dirt":2,"minecraft:stone":16},"minecraft:custom":{"minecraft:interact_with_furnace":24,"minecraft:mob_kills":3,"minecraft:interact_with_crafting_table":5,"minecraft:open_barrel":2,"minecraft:leave_game":1,"minecraft:time_since_death":40701,"minecraft:climb_one_cm":332,"minecraft:time_since_rest":40701,"minecraft:sprint_one_cm":39141,"minecraft:damage_taken":220,"minecraft:walk_one_cm":107569,"minecraft:damage_blocked_by_shield":165,"minecraft:drop":10,"minecraft:damage_dealt":573,"minecraft:swim_one_cm":4424,"minecraft:fly_one_cm":239298,"minecraft:player_kills":1,"minecraft:open_chest":3,"minecraft:crouch_one_cm":6084,"minecraft:play_time":40701,"minecraft:sneak_time":1921,"minecraft:walk_under_water_one_cm":7200,"minecraft:jump":701,"minecraft:walk_on_water_one_cm":8648,"minecraft:total_world_time":40701,"minecraft:fall_one_cm":16346},"minecraft:picked_up":{"minecraft:iron_chestplate":1,"minecraft:crafting_table":2,"minecraft:clay_ball":8,"darkestsouls:cinnabar":7,"born_in_chaos_v1:black_argillite":1,"minecraft:dirt":2,"minecraft:string":1,"minecraft:moss_carpet":3,"minecraft:iron_leggings":2,"minecraft:armor_stand":4,"minecraft:bone":1,"minecraft:bow":1,"minecraft:wheat_seeds":1,"minecraft:spruce_planks":18,"minecraft:moss_block":18,"minecraft:flowering_azalea":1,"minecraft:iron_boots":1,"minecraft:furnace":4,"minecraft:raw_iron":28,"minecraft:big_dripleaf":4,"sophisticatedbackpacks:backpack":1,"minecraft:porkchop":3,"minecraft:spruce_sapling":1,"minecraft:spruce_log":10,"minecraft:arrow":1,"darkestsouls:siderite_fragment":4,"minecraft:tropical_fish":1,"minecraft:glow_berries":1,"minecraft:coal":7,"minecraft:cobblestone":34},"minecraft:crafted":{"minecraft:cooked_porkchop":3,"minecraft:spruce_planks":100,"minecraft:wooden_pickaxe":1,"darkestsouls:quicksilver":1,"minecraft:air":0,"minecraft:shield":2,"minecraft:iron_axe":1,"minecraft:stick":8,"minecraft:iron_ingot":14,"minecraft:iron_pickaxe":1,"minecraft:stone_pickaxe":1}},"DataVersion":3465}