{"stats":{"minecraft:used":{"born_in_chaos_v1:spiritof_chaos_spawn_egg":1,"darkestsouls:huntsman_spawn_group_1":1,"minecraft:spruce_sapling":1,"born_in_chaos_v1:scarlet_persecutor_spawn_egg":1},"minecraft:custom":{"minecraft:jump":42,"minecraft:time_since_rest":5881,"minecraft:crouch_one_cm":104,"minecraft:sprint_one_cm":5303,"minecraft:play_time":5881,"minecraft:walk_on_water_one_cm":1688,"minecraft:time_since_death":5881,"minecraft:walk_one_cm":11899,"minecraft:sneak_time":203,"minecraft:total_world_time":5881,"minecraft:walk_under_water_one_cm":3120,"minecraft:fly_one_cm":68792},"minecraft:picked_up":{"minecraft:spruce_sapling":1}},"DataVersion":3465}