{"stats":{"minecraft:picked_up":{"minecraft:iron_chestplate":4,"minecraft:crafting_table":5,"minecraft:wheat":37,"minecraft:azure_bluet":4,"minecraft:clay_ball":12,"minecraft:oak_stairs":14,"minecraft:shield":3,"darkestsouls:beast_blood_clump":2,"born_in_chaos_v1:black_argillite":1,"minecraft:string":8,"minecraft:moss_carpet":3,"minecraft:iron_axe":3,"minecraft:armor_stand":4,"minecraft:iron_leggings":5,"minecraft:item_frame":1,"minecraft:iron_shovel":1,"darkestsouls:rune_fragment":4,"minecraft:experience_bottle":1,"minecraft:sea_pickle":3,"minecraft:cobbled_deepslate":17,"minecraft:spruce_planks":30,"minecraft:iron_nugget":4,"minecraft:poppy":4,"minecraft:iron_pickaxe":3,"minecraft:coal_block":6,"minecraft:furnace":11,"minecraft:iron_boots":4,"minecraft:stick":37,"minecraft:raw_iron":45,"minecraft:stone":22,"darkestsouls:soul_fragment":3,"minecraft:oak_door":3,"darkestsouls:torn_cloth_piece":2,"minecraft:big_dripleaf":7,"minecraft:oak_fence":14,"minecraft:torch":67,"sophisticatedbackpacks:backpack":1,"born_in_chaos_v1:pileof_dark_metal":1,"minecraft:porkchop":7,"minecraft:polished_blackstone_bricks":4,"minecraft:stone_button":1,"born_in_chaos_v1:nightmare_claw":1,"born_in_chaos_v1:pieceofdarkmetal":2,"minecraft:carrot":11,"minecraft:rotten_flesh":6,"minecraft:arrow":3,"minecraft:tropical_fish":1,"minecraft:shears":3,"minecraft:hay_block":48,"darkestsouls:quicksilver":33,"darkestsouls:titanite_fragment":1,"minecraft:glow_berries":7,"minecraft:mutton":4,"minecraft:white_wool":24,"minecraft:cobblestone":78,"born_in_chaos_v1:corpse_maggot":1,"born_in_chaos_v1:monster_flesh":2,"minecraft:glow_ink_sac":5,"minecraft:water_bucket":1,"minecraft:potato":10,"minecraft:birch_planks":1,"darkestsouls:cinnabar":7,"minecraft:tuff":1,"minecraft:oak_log":7,"minecraft:cobblestone_stairs":1,"minecraft:lapis_lazuli":54,"minecraft:dirt":290,"minecraft:lantern":1,"minecraft:cooked_mutton":3,"minecraft:bone":11,"minecraft:stone_bricks":2,"minecraft:bow":4,"minecraft:wheat_seeds":6,"minecraft:raw_gold":1,"minecraft:iron_ingot":6,"darkestsouls:blood_stone_fragment":1,"born_in_chaos_v1:fel_lamp":1,"minecraft:moss_block":21,"darkestsouls:bone_fragment":1,"minecraft:oak_planks":11,"minecraft:flowering_azalea":1,"minecraft:oak_slab":15,"minecraft:quartz":6,"minecraft:gravel":21,"minecraft:spruce_sapling":4,"minecraft:loom":1,"minecraft:spruce_log":40,"alexsmobs:animal_dictionary":1,"minecraft:spruce_door":1,"darkestsouls:siderite_fragment":21,"minecraft:diamond":18,"minecraft:iron_helmet":3,"minecraft:warped_roots":2,"minecraft:bread":8,"minecraft:baked_potato":4,"minecraft:netherrack":23,"minecraft:coal":13},"minecraft:used":{"minecraft:moss_block":3,"minecraft:oak_fence":25,"minecraft:iron_shovel":164,"minecraft:tropical_fish":1,"minecraft:spruce_planks":15,"minecraft:shield":37,"minecraft:iron_sword":3,"minecraft:stone":11,"born_in_chaos_v1:black_argillite":1,"minecraft:netherrack":14,"minecraft:oak_door":1,"minecraft:iron_chestplate":1,"minecraft:torch":69,"minecraft:dirt":55,"minecraft:mutton":8,"minecraft:carrot":12,"born_in_chaos_v1:corpse_maggot":1,"minecraft:lantern":1,"minecraft:iron_axe":308,"minecraft:oak_stairs":9,"minecraft:iron_helmet":1,"minecraft:stone_bricks":14,"minecraft:bow":44,"born_in_chaos_v1:fel_lamp":1,"minecraft:furnace":4,"minecraft:acacia_wood":4,"minecraft:potato":2,"minecraft:cobbled_deepslate":9,"minecraft:golden_axe":32,"minecraft:cooked_mutton":3,"minecraft:water_bucket":7,"born_in_chaos_v1:spiritof_chaos_spawn_egg":1,"born_in_chaos_v1:scarlet_persecutor_spawn_egg":1,"minecraft:stone_pickaxe":67,"minecraft:baked_potato":4,"minecraft:oak_planks":69,"minecraft:wooden_pickaxe":11,"darkestsouls:huntsman_spawn_group_1":1,"minecraft:polished_blackstone_bricks":3,"minecraft:salmon":3,"minecraft:glow_berries":2,"minecraft:oak_slab":2,"minecraft:crafting_table":1,"minecraft:loom":1,"minecraft:spruce_log":3,"minecraft:diamond_pickaxe":46,"minecraft:bread":24,"minecraft:iron_pickaxe":93,"minecraft:gravel":21,"minecraft:spruce_sapling":1,"minecraft:diamond_sword":162,"minecraft:cobblestone":24,"minecraft:porkchop":5,"minecraft:bucket":6,"minecraft:experience_bottle":2},"minecraft:killed":{"darkestsouls:hollow_axe":1,"born_in_chaos_v1:mr_pumpkin":6,"darkestsouls:ashen_blood_beast_patient":1,"born_in_chaos_v1:sir_the_headless":1,"minecraft:spider":2,"born_in_chaos_v1:zombie_bruiser":1,"born_in_chaos_v1:pumpkinhead":1,"minecraft:skeleton":3,"darkestsouls:hollow_broken_straightsword":1,"darkestsouls:skeleton_falchion":6,"born_in_chaos_v1:skeleton_thrasher":1,"darkestsouls:beast_patient":3,"darkestsouls:church_doctor_lantern":1,"minecraft:piglin_brute":1,"minecraft:piglin":5,"born_in_chaos_v1:felsteed":1,"born_in_chaos_v1:baby_skeleton":2,"minecraft:iron_golem":1,"minecraft:sheep":3,"darkestsouls:skeleton_spear":2,"minecraft:zombie":5,"born_in_chaos_v1:corpse_fly":3,"darkestsouls:cloaked_beast_patient":5},"minecraft:killed_by":{"minecraft:player":2,"darkestsouls:skeleton_swordsman_twin_shotels":2,"darkestsouls:skeleton_curved_swords":1,"darkestsouls:skeleton_spear":1,"darkestsouls:beast_patient":1},"minecraft:broken":{"minecraft:golden_axe":1,"minecraft:iron_axe":1},"minecraft:crafted":{"minecraft:oak_planks":24,"minecraft:stone":6,"minecraft:diamond_helmet":1,"minecraft:iron_axe":1,"minecraft:stone_pickaxe":1,"minecraft:netherite_scrap":3,"minecraft:oak_fence":12,"minecraft:diamond_sword":1,"minecraft:cooked_porkchop":3,"minecraft:spruce_planks":100,"minecraft:wooden_pickaxe":1,"darkestsouls:quicksilver":1,"minecraft:air":0,"minecraft:diamond_pickaxe":1,"minecraft:shield":2,"minecraft:stick":20,"minecraft:iron_pickaxe":1,"minecraft:iron_ingot":14,"minecraft:iron_shovel":1,"minecraft:netherite_ingot":1,"minecraft:shears":1,"minecraft:diamond_chestplate":1},"minecraft:dropped":{"minecraft:iron_sword":3,"minecraft:oak_slab":3,"minecraft:moss_block":10,"minecraft:porkchop":3,"minecraft:lapis_lazuli":23,"minecraft:glow_ink_sac":5,"minecraft:cooked_porkchop":3,"minecraft:netherite_upgrade_smithing_template":1,"minecraft:item_frame":1,"minecraft:stick":2,"minecraft:dirt":11,"minecraft:iron_leggings":1,"minecraft:oak_stairs":2,"minecraft:iron_axe":1,"minecraft:string":1,"minecraft:spruce_sapling":2,"minecraft:bone":2,"sophisticatedbackpacks:backpack":1,"minecraft:filled_map":1,"minecraft:poppy":1,"minecraft:spruce_planks":12,"darkestsouls:quicksilver":13,"minecraft:stone_bricks":1,"minecraft:spruce_log":30,"minecraft:arrow":1},"minecraft:mined":{"darkestsouls:siderite_ore":1,"minecraft:tuff":1,"minecraft:spruce_planks":6,"minecraft:deepslate_diamond_ore":18,"minecraft:cobblestone_stairs":1,"minecraft:sculk_vein":1,"minecraft:cave_vines_plant":7,"minecraft:grass_block":133,"born_in_chaos_v1:black_argillite":1,"darkestsouls:deepslate_siderite_ore":4,"minecraft:spruce_leaves":23,"minecraft:moss_block":18,"minecraft:spawner":2,"minecraft:large_fern":4,"minecraft:hay_block":35,"minecraft:polished_blackstone_bricks":4,"minecraft:raw_iron_block":1,"minecraft:carrots":3,"minecraft:sculk_catalyst":1,"minecraft:furnace":3,"minecraft:iron_ore":24,"minecraft:deepslate_lapis_ore":3,"minecraft:azure_bluet":1,"minecraft:twisting_vines":1,"minecraft:sculk_shrieker":1,"minecraft:potatoes":4,"minecraft:cave_vines":5,"minecraft:deepslate_iron_ore":5,"minecraft:dirt_path":6,"minecraft:oak_stairs":9,"minecraft:stone":22,"minecraft:white_wool":3,"minecraft:cake":1,"minecraft:oak_slab":1,"minecraft:glass_pane":1,"minecraft:twisting_vines_plant":2,"minecraft:spruce_door":1,"minecraft:powder_snow":2,"minecraft:oak_fence":4,"minecraft:clay":3,"minecraft:crafting_table":2,"minecraft:sculk_sensor":1,"minecraft:nether_quartz_ore":6,"minecraft:tall_grass":10,"minecraft:cobblestone":14,"minecraft:deepslate_coal_ore":1,"minecraft:deepslate_gold_ore":2,"minecraft:lapis_ore":1,"minecraft:oak_planks":11,"minecraft:big_dripleaf":1,"minecraft:birch_planks":1,"minecraft:warped_nylium":3,"minecraft:sea_pickle":1,"minecraft:wheat":14,"minecraft:spruce_log":38,"minecraft:grass":23,"minecraft:oak_log":6,"minecraft:coal_ore":7,"minecraft:gravel":20,"minecraft:loom":1,"minecraft:dirt":12,"born_in_chaos_v1:infernal_evil_pumpkin_s":1,"minecraft:netherrack":24,"minecraft:deepslate":14},"minecraft:custom":{"minecraft:interact_with_smithing_table":4,"minecraft:mob_kills":63,"minecraft:interact_with_crafting_table":18,"minecraft:open_barrel":4,"minecraft:damage_dealt_resisted":449,"minecraft:leave_game":4,"minecraft:time_since_death":34322,"minecraft:climb_one_cm":2226,"minecraft:sprint_one_cm":418883,"minecraft:walk_one_cm":535067,"minecraft:damage_blocked_by_shield":1069,"minecraft:drop":50,"minecraft:talked_to_villager":9,"minecraft:play_time":181286,"minecraft:deaths":12,"minecraft:sneak_time":9919,"minecraft:walk_under_water_one_cm":23147,"minecraft:jump":3504,"minecraft:walk_on_water_one_cm":34681,"minecraft:enchant_item":9,"minecraft:total_world_time":181286,"minecraft:interact_with_furnace":38,"minecraft:interact_with_loom":1,"minecraft:sleep_in_bed":2,"minecraft:time_since_rest":34345,"minecraft:damage_taken":5293,"minecraft:damage_dealt":16863,"minecraft:swim_one_cm":7324,"minecraft:fly_one_cm":1201342,"minecraft:player_kills":3,"minecraft:open_chest":47,"minecraft:crouch_one_cm":20185,"minecraft:fall_one_cm":112741}},"DataVersion":3465}