{"stats":{"minecraft:used":{"born_in_chaos_v1:spiritof_chaos_spawn_egg":1,"born_in_chaos_v1:scarlet_persecutor_spawn_egg":1,"minecraft:iron_pickaxe":2,"minecraft:iron_axe":1,"minecraft:stone_pickaxe":67,"minecraft:spruce_planks":12,"born_in_chaos_v1:black_argillite":1,"minecraft:wooden_pickaxe":11,"minecraft:spruce_sapling":1,"darkestsouls:huntsman_spawn_group_1":1,"minecraft:salmon":3,"minecraft:dirt":2,"minecraft:cobblestone":13,"minecraft:crafting_table":1,"minecraft:spruce_log":3},"minecraft:dropped":{"minecraft:moss_block":10,"sophisticatedbackpacks:backpack":1},"minecraft:killed":{"darkestsouls:cloaked_beast_patient":1,"minecraft:spider":1},"minecraft:mined":{"minecraft:large_fern":3,"minecraft:furnace":2,"minecraft:iron_ore":21,"minecraft:spruce_log":8,"minecraft:cave_vines_plant":1,"minecraft:crafting_table":2,"minecraft:grass":2,"minecraft:coal_ore":1,"born_in_chaos_v1:black_argillite":1,"minecraft:dirt":2,"minecraft:cobblestone":14,"minecraft:deepslate_coal_ore":1,"minecraft:stone":16,"minecraft:moss_block":14,"minecraft:spawner":1},"minecraft:custom":{"minecraft:time_since_rest":28701,"minecraft:interact_with_furnace":13,"minecraft:sprint_one_cm":26163,"minecraft:damage_taken":80,"minecraft:walk_one_cm":75370,"minecraft:mob_kills":3,"minecraft:drop":2,"minecraft:damage_dealt":557,"minecraft:swim_one_cm":439,"minecraft:player_kills":1,"minecraft:interact_with_crafting_table":5,"minecraft:fly_one_cm":188060,"minecraft:open_barrel":2,"minecraft:open_chest":2,"minecraft:crouch_one_cm":5049,"minecraft:play_time":28701,"minecraft:sneak_time":1641,"minecraft:walk_under_water_one_cm":3626,"minecraft:jump":449,"minecraft:leave_game":1,"minecraft:time_since_death":28701,"minecraft:walk_on_water_one_cm":5282,"minecraft:total_world_time":28701,"minecraft:fall_one_cm":11472},"minecraft:picked_up":{"minecraft:raw_iron":28,"minecraft:crafting_table":2,"sophisticatedbackpacks:backpack":1,"darkestsouls:cinnabar":7,"minecraft:string":1,"minecraft:spruce_sapling":1,"born_in_chaos_v1:black_argillite":1,"minecraft:spruce_log":10,"minecraft:moss_carpet":3,"minecraft:dirt":2,"darkestsouls:siderite_fragment":4,"minecraft:arrow":1,"minecraft:bone":1,"minecraft:wheat_seeds":1,"minecraft:spruce_planks":6,"minecraft:moss_block":13,"minecraft:flowering_azalea":1,"minecraft:coal":1,"minecraft:furnace":2,"minecraft:cobblestone":29},"minecraft:crafted":{"minecraft:shield":2,"minecraft:iron_axe":1,"minecraft:iron_pickaxe":1,"minecraft:iron_ingot":14,"minecraft:spruce_planks":100,"minecraft:stick":8,"minecraft:wooden_pickaxe":1,"minecraft:stone_pickaxe":1,"minecraft:air":0}},"DataVersion":3465}