{"stats":{"minecraft:picked_up":{"minecraft:iron_chestplate":4,"minecraft:crafting_table":5,"minecraft:wheat":37,"minecraft:azure_bluet":4,"minecraft:clay_ball":8,"minecraft:oak_stairs":14,"minecraft:shield":3,"darkestsouls:beast_blood_clump":2,"born_in_chaos_v1:black_argillite":1,"minecraft:string":8,"minecraft:moss_carpet":3,"minecraft:iron_axe":3,"minecraft:armor_stand":4,"minecraft:iron_leggings":5,"minecraft:item_frame":1,"minecraft:iron_shovel":1,"darkestsouls:rune_fragment":4,"minecraft:experience_bottle":1,"minecraft:sea_pickle":3,"minecraft:cobbled_deepslate":8,"minecraft:spruce_planks":30,"minecraft:iron_nugget":4,"minecraft:poppy":4,"minecraft:iron_pickaxe":3,"minecraft:coal_block":6,"minecraft:furnace":11,"minecraft:iron_boots":4,"minecraft:stick":35,"minecraft:raw_iron":45,"minecraft:stone":22,"darkestsouls:soul_fragment":2,"minecraft:oak_door":3,"darkestsouls:torn_cloth_piece":2,"minecraft:big_dripleaf":4,"minecraft:oak_fence":13,"minecraft:torch":67,"sophisticatedbackpacks:backpack":1,"minecraft:porkchop":3,"minecraft:stone_button":1,"born_in_chaos_v1:nightmare_claw":1,"born_in_chaos_v1:pieceofdarkmetal":2,"minecraft:rotten_flesh":4,"minecraft:arrow":1,"minecraft:tropical_fish":1,"minecraft:shears":3,"minecraft:hay_block":48,"darkestsouls:quicksilver":33,"minecraft:glow_berries":1,"minecraft:mutton":4,"minecraft:white_wool":24,"minecraft:cobblestone":77,"born_in_chaos_v1:corpse_maggot":1,"born_in_chaos_v1:monster_flesh":2,"minecraft:glow_ink_sac":5,"minecraft:water_bucket":1,"minecraft:potato":2,"darkestsouls:cinnabar":7,"minecraft:tuff":1,"minecraft:oak_log":7,"minecraft:lapis_lazuli":30,"minecraft:dirt":290,"minecraft:lantern":1,"minecraft:cooked_mutton":3,"minecraft:bone":8,"minecraft:stone_bricks":2,"minecraft:bow":4,"minecraft:wheat_seeds":4,"minecraft:raw_gold":1,"minecraft:iron_ingot":3,"darkestsouls:blood_stone_fragment":1,"minecraft:moss_block":18,"minecraft:oak_planks":11,"minecraft:flowering_azalea":1,"minecraft:oak_slab":15,"minecraft:spruce_sapling":1,"minecraft:loom":1,"minecraft:spruce_log":10,"alexsmobs:animal_dictionary":1,"minecraft:spruce_door":1,"darkestsouls:siderite_fragment":21,"minecraft:diamond":3,"minecraft:iron_helmet":3,"minecraft:bread":8,"minecraft:baked_potato":4,"minecraft:coal":13},"minecraft:used":{"minecraft:oak_fence":24,"minecraft:iron_shovel":164,"minecraft:tropical_fish":1,"minecraft:spruce_planks":15,"minecraft:shield":32,"minecraft:stone":11,"born_in_chaos_v1:black_argillite":1,"minecraft:oak_door":1,"minecraft:iron_chestplate":1,"minecraft:torch":67,"minecraft:dirt":55,"minecraft:mutton":4,"born_in_chaos_v1:corpse_maggot":1,"minecraft:lantern":1,"minecraft:iron_axe":263,"minecraft:oak_stairs":9,"minecraft:iron_helmet":1,"minecraft:stone_bricks":14,"minecraft:bow":34,"minecraft:furnace":4,"minecraft:cobbled_deepslate":1,"minecraft:water_bucket":1,"born_in_chaos_v1:spiritof_chaos_spawn_egg":1,"born_in_chaos_v1:scarlet_persecutor_spawn_egg":1,"minecraft:stone_pickaxe":67,"minecraft:baked_potato":4,"minecraft:oak_planks":69,"minecraft:wooden_pickaxe":11,"darkestsouls:huntsman_spawn_group_1":1,"minecraft:salmon":3,"minecraft:glow_berries":2,"minecraft:oak_slab":2,"minecraft:crafting_table":1,"minecraft:loom":1,"minecraft:spruce_log":3,"minecraft:bread":12,"minecraft:iron_pickaxe":59,"minecraft:spruce_sapling":1,"minecraft:cobblestone":24,"minecraft:porkchop":2,"minecraft:bucket":1,"minecraft:experience_bottle":1},"minecraft:killed":{"darkestsouls:ashen_blood_beast_patient":1,"minecraft:spider":2,"born_in_chaos_v1:zombie_bruiser":1,"minecraft:skeleton":1,"darkestsouls:skeleton_falchion":4,"born_in_chaos_v1:skeleton_thrasher":1,"darkestsouls:beast_patient":3,"darkestsouls:church_doctor_lantern":1,"born_in_chaos_v1:baby_skeleton":1,"minecraft:sheep":3,"darkestsouls:skeleton_spear":1,"minecraft:zombie":2,"born_in_chaos_v1:corpse_fly":3,"darkestsouls:cloaked_beast_patient":5},"minecraft:killed_by":{"minecraft:player":1,"darkestsouls:skeleton_swordsman_twin_shotels":2,"darkestsouls:beast_patient":1},"minecraft:crafted":{"minecraft:oak_planks":24,"minecraft:stone":6,"minecraft:iron_axe":1,"minecraft:stone_pickaxe":1,"minecraft:oak_fence":12,"minecraft:cooked_porkchop":3,"minecraft:spruce_planks":100,"minecraft:wooden_pickaxe":1,"darkestsouls:quicksilver":1,"minecraft:air":0,"minecraft:shield":2,"minecraft:stick":20,"minecraft:iron_pickaxe":1,"minecraft:iron_ingot":14,"minecraft:iron_shovel":1,"minecraft:shears":1},"minecraft:dropped":{"minecraft:oak_slab":3,"minecraft:moss_block":10,"minecraft:porkchop":3,"minecraft:glow_ink_sac":5,"minecraft:cooked_porkchop":3,"minecraft:item_frame":1,"minecraft:stick":2,"minecraft:dirt":11,"minecraft:iron_leggings":1,"minecraft:oak_stairs":2,"minecraft:iron_axe":1,"minecraft:string":1,"minecraft:bone":2,"sophisticatedbackpacks:backpack":1,"minecraft:poppy":1,"minecraft:spruce_planks":12,"darkestsouls:quicksilver":13,"minecraft:stone_bricks":1,"minecraft:arrow":1},"minecraft:mined":{"darkestsouls:siderite_ore":1,"minecraft:tuff":1,"minecraft:spruce_planks":6,"minecraft:deepslate_diamond_ore":3,"minecraft:sculk_vein":1,"minecraft:cave_vines_plant":2,"minecraft:grass_block":133,"born_in_chaos_v1:black_argillite":1,"darkestsouls:deepslate_siderite_ore":4,"minecraft:moss_block":14,"minecraft:spawner":1,"minecraft:large_fern":3,"minecraft:hay_block":35,"minecraft:sculk_catalyst":1,"minecraft:furnace":3,"minecraft:iron_ore":24,"minecraft:deepslate_lapis_ore":3,"minecraft:azure_bluet":1,"minecraft:sculk_shrieker":1,"minecraft:cave_vines":1,"minecraft:deepslate_iron_ore":5,"minecraft:dirt_path":6,"minecraft:oak_stairs":9,"minecraft:stone":20,"minecraft:white_wool":3,"minecraft:cake":1,"minecraft:oak_slab":1,"minecraft:glass_pane":1,"minecraft:spruce_door":1,"minecraft:powder_snow":2,"minecraft:oak_fence":4,"minecraft:clay":2,"minecraft:crafting_table":2,"minecraft:sculk_sensor":1,"minecraft:tall_grass":8,"minecraft:cobblestone":14,"minecraft:deepslate_coal_ore":1,"minecraft:deepslate_gold_ore":2,"minecraft:lapis_ore":1,"minecraft:oak_planks":11,"minecraft:big_dripleaf":1,"minecraft:sea_pickle":1,"minecraft:wheat":14,"minecraft:spruce_log":8,"minecraft:grass":14,"minecraft:oak_log":6,"minecraft:coal_ore":7,"minecraft:loom":1,"minecraft:dirt":12,"minecraft:deepslate":4},"minecraft:custom":{"minecraft:mob_kills":31,"minecraft:interact_with_crafting_table":9,"minecraft:open_barrel":2,"minecraft:damage_dealt_resisted":96,"minecraft:leave_game":4,"minecraft:time_since_death":6666,"minecraft:climb_one_cm":936,"minecraft:sprint_one_cm":236417,"minecraft:walk_one_cm":397534,"minecraft:damage_blocked_by_shield":904,"minecraft:drop":41,"minecraft:talked_to_villager":9,"minecraft:play_time":115286,"minecraft:deaths":7,"minecraft:sneak_time":5176,"minecraft:walk_under_water_one_cm":12593,"minecraft:jump":2224,"minecraft:walk_on_water_one_cm":17224,"minecraft:total_world_time":115286,"minecraft:interact_with_furnace":29,"minecraft:interact_with_loom":1,"minecraft:sleep_in_bed":2,"minecraft:time_since_rest":6694,"minecraft:damage_taken":2860,"minecraft:damage_dealt":8726,"minecraft:swim_one_cm":5841,"minecraft:fly_one_cm":588490,"minecraft:player_kills":1,"minecraft:open_chest":17,"minecraft:crouch_one_cm":11390,"minecraft:fall_one_cm":70837}},"DataVersion":3465}