{"stats":{"minecraft:mined":{"darkestsouls:siderite_ore":1,"minecraft:spruce_planks":6,"minecraft:cobblestone_stairs":1,"minecraft:sculk_vein":7,"alexscaves:limestone":19,"minecraft:cave_vines_plant":7,"minecraft:grass_block":138,"darkestsouls:deepslate_siderite_ore":4,"minecraft:deepslate_tile_stairs":1,"minecraft:spawner":7,"minecraft:polished_blackstone_bricks":4,"minecraft:raw_iron_block":1,"minecraft:magma_block":14,"minecraft:glowstone":31,"minecraft:sculk_catalyst":3,"minecraft:mossy_cobblestone_stairs":1,"minecraft:dark_oak_trapdoor":1,"minecraft:iron_ore":24,"minecraft:fire":5,"minecraft:pumpkin":1,"minecraft:deepslate_lapis_ore":6,"alexscaves:smooth_limestone_stairs":2,"minecraft:azure_bluet":1,"minecraft:enchanting_table":1,"minecraft:twisting_vines":1,"minecraft:sculk_shrieker":6,"alexscaves:fiddlehead":4,"minecraft:cave_vines":5,"minecraft:dirt_path":6,"minecraft:oak_stairs":9,"minecraft:iron_bars":1,"alexscaves:smooth_limestone":1,"sophisticatedbackpacks:copper_backpack":1,"minecraft:blackstone":68,"minecraft:twisting_vines_plant":2,"minecraft:powder_snow":2,"alexscaves:dinosaur_chop":3,"minecraft:clay":3,"minecraft:blast_furnace":1,"minecraft:calcite":12,"minecraft:nether_quartz_ore":6,"minecraft:cobblestone":14,"minecraft:oak_planks":11,"minecraft:amethyst_block":2,"minecraft:warped_nylium":3,"minecraft:wheat":14,"minecraft:birch_trapdoor":1,"minecraft:grass":57,"minecraft:oak_log":25,"minecraft:loom":1,"minecraft:dirt":12,"minecraft:smooth_basalt":1,"born_in_chaos_v1:infernal_evil_pumpkin_s":1,"minecraft:netherrack":236,"minecraft:oak_leaves":4,"minecraft:deepslate":25,"alexscaves:flood_basalt":2,"minecraft:deepslate_tiles":4,"minecraft:tuff":2,"alexscaves:primal_magma":2,"minecraft:dark_oak_leaves":9,"minecraft:deepslate_diamond_ore":45,"minecraft:decorated_pot":1,"born_in_chaos_v1:black_argillite":1,"minecraft:spruce_leaves":23,"minecraft:moss_block":22,"minecraft:sandstone":21,"minecraft:large_fern":9,"minecraft:hay_block":35,"alexscaves:subterranodon_egg":3,"minecraft:packed_mud":3,"minecraft:furnace":3,"minecraft:carrots":3,"minecraft:bookshelf":21,"minecraft:potatoes":4,"minecraft:deepslate_iron_ore":13,"minecraft:lantern":1,"alexscaves:curly_fern":15,"minecraft:stone":35,"minecraft:white_wool":3,"minecraft:cake":1,"minecraft:oak_slab":1,"minecraft:glass_pane":1,"minecraft:basalt":92,"alexscaves:fissure_primal_magma":12,"minecraft:red_banner":2,"minecraft:spruce_door":1,"minecraft:oak_fence":4,"minecraft:crafting_table":3,"alexscaves:flytrap":2,"minecraft:sculk_sensor":18,"minecraft:tall_grass":20,"minecraft:deepslate_coal_ore":1,"minecraft:deepslate_gold_ore":6,"minecraft:lapis_ore":1,"minecraft:sculk":16,"minecraft:diorite":1,"minecraft:big_dripleaf":1,"minecraft:birch_planks":1,"minecraft:cobblestone_wall":1,"minecraft:sea_pickle":1,"minecraft:spruce_log":38,"alexscaves:smooth_limestone_slab":2,"minecraft:coal_ore":7,"darkestsouls:cinnabar_ore":12,"alexscaves:cycad":5,"minecraft:gravel":23,"minecraft:cobweb":2,"minecraft:cracked_stone_bricks":1,"minecraft:mossy_stone_bricks":1,"minecraft:fern":2},"minecraft:broken":{"aether:iron_gloves":1,"minecraft:golden_axe":1,"minecraft:iron_axe":1},"minecraft:crafted":{"minecraft:oak_planks":88,"minecraft:stone":6,"minecraft:diamond_shovel":1,"minecraft:diamond_helmet":1,"alexscaves:serene_salad":2,"aether:diamond_gloves":1,"minecraft:oak_fence":12,"minecraft:gray_bed":3,"minecraft:emerald":1,"minecraft:cooked_porkchop":3,"minecraft:diamond_axe":1,"minecraft:crafting_table":2,"minecraft:spruce_planks":100,"minecraft:wooden_pickaxe":1,"minecraft:diamond_pickaxe":1,"minecraft:shield":4,"sophisticatedbackpacks:diamond_backpack":1,"minecraft:stick":20,"minecraft:iron_ingot":14,"minecraft:iron_pickaxe":2,"minecraft:iron_block":2,"minecraft:gold_ingot":18,"minecraft:netherite_ingot":1,"minecraft:shears":1,"minecraft:cherry_planks":4,"minecraft:iron_axe":1,"minecraft:stone_pickaxe":1,"minecraft:netherite_scrap":3,"sophisticatedbackpacks:iron_backpack":1,"minecraft:cooked_beef":8,"alexscaves:cooked_dinosaur_chop":4,"minecraft:diamond_sword":2,"sophisticatedbackpacks:gold_backpack":1,"darkestsouls:quicksilver":1,"minecraft:bucket":1,"minecraft:air":0,"aether:iron_gloves":1,"minecraft:iron_shovel":1,"minecraft:anvil":1,"minecraft:diamond_chestplate":1},"minecraft:used":{"minecraft:moss_block":3,"minecraft:writable_book":1,"minecraft:iron_shovel":182,"sophisticatedbackpacks:copper_backpack":1,"minecraft:poppy":7,"minecraft:chest":1,"minecraft:shield":56,"minecraft:stone":11,"minecraft:iron_sword":3,"minecraft:iron_chestplate":1,"minecraft:mutton":10,"alexscaves:flood_basalt":1,"minecraft:carrot":27,"born_in_chaos_v1:corpse_maggot":1,"minecraft:lantern":1,"minecraft:grass_block":234,"minecraft:iron_helmet":1,"minecraft:stone_bricks":14,"minecraft:bow":44,"minecraft:written_book":4,"born_in_chaos_v1:fel_lamp":2,"minecraft:oak_sapling":14,"minecraft:furnace":4,"minecraft:potato":2,"minecraft:stone_pickaxe":67,"minecraft:oak_planks":69,"minecraft:blackstone":17,"minecraft:ender_pearl":1,"minecraft:wooden_pickaxe":11,"minecraft:sandstone":15,"minecraft:diamond_axe":86,"darkestsouls:huntsman_spawn_group_1":1,"minecraft:golden_apple":4,"minecraft:glow_berries":11,"minecraft:loom":2,"minecraft:bread":50,"minecraft:gravel":21,"alexscaves:cycad":5,"minecraft:diamond_sword":745,"minecraft:bone_meal":88,"minecraft:experience_bottle":4,"minecraft:oak_fence":25,"minecraft:tropical_fish":1,"minecraft:spruce_planks":15,"born_in_chaos_v1:black_argillite":1,"minecraft:netherrack":25,"minecraft:oak_door":1,"minecraft:torch":69,"minecraft:dirt":55,"minecraft:anvil":1,"minecraft:diamond_helmet":1,"minecraft:iron_hoe":35,"alexscaves:limestone_spear":8,"minecraft:iron_axe":310,"minecraft:oak_stairs":9,"minecraft:smooth_basalt":1,"minecraft:glowstone":30,"minecraft:acacia_wood":4,"minecraft:enchanted_golden_apple":6,"minecraft:cooked_beef":8,"minecraft:cobbled_deepslate":9,"minecraft:golden_axe":32,"minecraft:cooked_mutton":3,"minecraft:water_bucket":14,"born_in_chaos_v1:spiritof_chaos_spawn_egg":1,"alexscaves:dinosaur_chop":6,"born_in_chaos_v1:scarlet_persecutor_spawn_egg":1,"minecraft:baked_potato":4,"minecraft:polished_blackstone_bricks":3,"minecraft:salmon":3,"alexscaves:primitive_club":6,"minecraft:oak_slab":2,"minecraft:crafting_table":4,"minecraft:painting":2,"minecraft:cake":1,"minecraft:spruce_log":3,"minecraft:oak_log":2,"minecraft:diamond_pickaxe":644,"minecraft:diamond_shovel":10,"minecraft:iron_pickaxe":93,"minecraft:spruce_sapling":1,"alexscaves:subterranodon_egg":2,"minecraft:cobblestone":24,"minecraft:potion":3,"minecraft:porkchop":6,"minecraft:bucket":7,"minecraft:red_banner":1,"minecraft:dandelion":6,"alexscaves:flytrap":1},"minecraft:killed":{"twilightforest:boar":1,"born_in_chaos_v1:mr_pumpkin":6,"darkestsouls:skeleton_curved_swords":1,"darkestsouls:ashen_blood_beast_patient":1,"born_in_chaos_v1:sir_the_headless":1,"minecraft:spider":11,"minecraft:skeleton":5,"twilightforest:lich":1,"born_in_chaos_v1:skeleton_thrasher":1,"darkestsouls:beast_patient":9,"darkestsouls:church_doctor_lantern":3,"minecraft:piglin_brute":1,"minecraft:piglin":5,"minecraft:zombie_villager":2,"minecraft:iron_golem":1,"minecraft:sheep":4,"darkestsouls:skeleton_spear":5,"minecraft:zombie":21,"born_in_chaos_v1:dread_hound":1,"born_in_chaos_v1:corpse_fly":4,"alexscaves:trilocaris":1,"darkestsouls:monstruosity_of_sin":1,"alexscaves:vallumraptor":9,"darkestsouls:hollow_axe":2,"darkestsouls:church_doctor":1,"born_in_chaos_v1:missioner":1,"born_in_chaos_v1:zombie_bruiser":4,"born_in_chaos_v1:maggot":3,"born_in_chaos_v1:pumpkinhead":1,"darkestsouls:hollow_broken_straightsword":2,"darkestsouls:skeleton_falchion":7,"twilightforest:death_tome":4,"minecraft:husk":3,"born_in_chaos_v1:felsteed":1,"born_in_chaos_v1:baby_skeleton":2,"born_in_chaos_v1:decrepit_skeleton":2,"darkestsouls:cloaked_beast_patient":8,"alexscaves:grottoceratops":5},"minecraft:custom":{"minecraft:interact_with_crafting_table":55,"minecraft:open_barrel":22,"minecraft:eat_cake_slice":17,"minecraft:leave_game":7,"minecraft:time_since_death":0,"minecraft:damage_resisted":690,"minecraft:sprint_one_cm":910353,"minecraft:damage_blocked_by_shield":1599,"minecraft:drop":178,"minecraft:talked_to_villager":12,"minecraft:play_time":477954,"minecraft:deaths":24,"minecraft:jump":7777,"minecraft:walk_on_water_one_cm":58492,"minecraft:enchant_item":15,"minecraft:interact_with_furnace":55,"minecraft:traded_with_villager":1,"minecraft:interact_with_loom":3,"minecraft:sleep_in_bed":3,"minecraft:damage_dealt":47769,"minecraft:player_kills":7,"minecraft:crouch_one_cm":44741,"minecraft:interact_with_smoker":16,"minecraft:interact_with_smithing_table":6,"minecraft:interact_with_anvil":9,"minecraft:mob_kills":199,"minecraft:damage_dealt_resisted":1219,"minecraft:climb_one_cm":6761,"minecraft:walk_one_cm":999805,"minecraft:damage_dealt_absorbed":40,"minecraft:sneak_time":18491,"minecraft:walk_under_water_one_cm":34241,"minecraft:interact_with_blast_furnace":3,"minecraft:total_world_time":477954,"minecraft:time_since_rest":11165,"minecraft:damage_taken":11729,"minecraft:damage_absorbed":992,"minecraft:swim_one_cm":30478,"minecraft:fly_one_cm":4165378,"minecraft:open_chest":140,"minecraft:fall_one_cm":247301},"minecraft:killed_by":{"twilightforest:death_tome":1,"darkestsouls:skeleton_spear":1,"darkestsouls:leech":1,"minecraft:zombie":1,"alexscaves:grottoceratops":1,"minecraft:player":4,"darkestsouls:skeleton_swordsman_twin_shotels":2,"darkestsouls:skeleton_curved_swords":1,"minecraft:warden":1,"darkestsouls:beast_patient":1,"darkestsouls:hollow_longsword":1},"minecraft:picked_up":{"minecraft:iron_chestplate":4,"minecraft:wheat":37,"alexscaves:tough_hide":6,"minecraft:oak_stairs":14,"alexscaves:trilocaris_tail":1,"minecraft:wither_rose":2,"minecraft:potion":3,"darkestsouls:beast_blood_clump":12,"alexscaves:smooth_limestone":1,"born_in_chaos_v1:black_argillite":1,"minecraft:string":23,"minecraft:dark_oak_trapdoor":1,"minecraft:iron_leggings":5,"minecraft:armor_stand":4,"minecraft:netherite_ingot":1,"minecraft:experience_bottle":1,"darkestsouls:rune_fragment":4,"minecraft:sea_pickle":3,"minecraft:deepslate_tiles":4,"minecraft:cobbled_deepslate":25,"minecraft:spruce_planks":30,"minecraft:written_book":4,"minecraft:calcite":5,"minecraft:iron_pickaxe":3,"minecraft:coal_block":6,"minecraft:furnace":11,"alexscaves:flytrap":2,"minecraft:iron_boots":4,"minecraft:stick":39,"minecraft:big_dripleaf":7,"minecraft:birch_trapdoor":1,"minecraft:oak_fence":14,"minecraft:torch":67,"alexscaves:heavy_bone":3,"born_in_chaos_v1:pileof_dark_metal":1,"minecraft:porkchop":8,"minecraft:diorite":1,"born_in_chaos_v1:nightmare_claw":1,"minecraft:deepslate_tile_stairs":1,"minecraft:rotten_flesh":31,"minecraft:tropical_fish":2,"darkestsouls:quicksilver":33,"minecraft:glowstone":22,"darkestsouls:titanite_fragment":1,"minecraft:bookshelf":21,"minecraft:iron_bars":1,"minecraft:cobblestone":90,"minecraft:enchanting_table":1,"minecraft:magma_block":15,"minecraft:water_bucket":1,"minecraft:potato":10,"minecraft:flint":3,"darkestsouls:cinnabar":7,"minecraft:tuff":1,"minecraft:lapis_lazuli":54,"minecraft:dirt":329,"minecraft:lantern":2,"minecraft:bone":23,"minecraft:bow":4,"minecraft:wheat_seeds":10,"minecraft:raw_gold":5,"minecraft:rabbit":2,"minecraft:glowstone_dust":11,"minecraft:moss_block":25,"minecraft:oak_planks":11,"darkestsouls:bone_fragment":3,"minecraft:loom":1,"alexsmobs:animal_dictionary":1,"minecraft:diamond":130,"minecraft:writable_book":1,"minecraft:grass":4,"alexscaves:smooth_limestone_slab":2,"minecraft:bread":31,"minecraft:oak_sapling":1,"minecraft:netherrack":229,"minecraft:oak_leaves":2,"minecraft:diamond_pickaxe":2,"minecraft:crafting_table":8,"alexscaves:primal_magma":48,"minecraft:azure_bluet":4,"minecraft:clay_ball":12,"born_in_chaos_v1:charmof_resistance":1,"alexscaves:flood_basalt":2,"alexscaves:tectonic_shard":20,"minecraft:shield":5,"minecraft:oak_trapdoor":4,"minecraft:moss_carpet":24,"minecraft:iron_axe":3,"alexscaves:fiddlehead":4,"minecraft:item_frame":1,"minecraft:iron_shovel":1,"alexscaves:dinosaur_chop":9,"minecraft:blackstone":68,"minecraft:oak_boat":2,"minecraft:iron_nugget":4,"minecraft:poppy":4,"minecraft:chest":1,"minecraft:diamond_hoe":1,"minecraft:raw_iron":49,"minecraft:sandstone":36,"minecraft:stone":22,"darkestsouls:soul_fragment":3,"minecraft:oak_door":3,"alexscaves:cycad":5,"darkestsouls:torn_cloth_piece":4,"sophisticatedbackpacks:backpack":1,"minecraft:polished_blackstone_bricks":4,"minecraft:stone_button":1,"born_in_chaos_v1:pieceofdarkmetal":2,"minecraft:carrot":11,"born_in_chaos_v1:charmof_fury":2,"minecraft:arrow":7,"minecraft:shears":3,"minecraft:hay_block":48,"sophisticatedbackpacks:copper_backpack":3,"minecraft:glow_berries":8,"minecraft:mutton":6,"minecraft:white_wool":25,"minecraft:heartbreak_pottery_sherd":1,"born_in_chaos_v1:corpse_maggot":2,"minecraft:basalt":87,"born_in_chaos_v1:monster_flesh":3,"minecraft:glow_ink_sac":7,"minecraft:birch_planks":1,"alexscaves:limestone":82,"minecraft:oak_log":28,"minecraft:cobblestone_stairs":1,"minecraft:cobblestone_wall":1,"minecraft:paper":58,"minecraft:cooked_mutton":3,"minecraft:stone_bricks":4,"minecraft:kelp":1,"minecraft:iron_ingot":32,"darkestsouls:blood_stone_fragment":2,"alexscaves:curly_fern":11,"born_in_chaos_v1:fel_lamp":1,"minecraft:flowering_azalea":1,"minecraft:book":5,"minecraft:oak_slab":15,"minecraft:smooth_basalt":1,"born_in_chaos_v1:ethereal_spirit":2,"minecraft:quartz":6,"minecraft:gravel":21,"minecraft:spruce_sapling":4,"minecraft:red_banner":2,"minecraft:blast_furnace":1,"minecraft:spruce_log":40,"minecraft:spruce_door":1,"minecraft:spider_eye":4,"darkestsouls:siderite_fragment":21,"alexscaves:smooth_limestone_stairs":2,"alexscaves:subterranodon_egg":3,"alexscaves:pine_nuts":2,"minecraft:iron_helmet":3,"minecraft:painting":35,"minecraft:mossy_cobblestone_stairs":1,"minecraft:gray_wool":10,"minecraft:warped_roots":2,"darkestsouls:small_soul_fragment":9,"minecraft:baked_potato":4,"twilightforest:spiral_bricks":2,"minecraft:coal":13},"minecraft:dropped":{"minecraft:iron_sword":3,"minecraft:moss_block":10,"minecraft:porkchop":3,"minecraft:lapis_lazuli":23,"minecraft:glow_ink_sac":5,"minecraft:glass_bottle":2,"minecraft:diamond":94,"minecraft:crafting_table":1,"minecraft:cooked_porkchop":3,"minecraft:netherite_upgrade_smithing_template":1,"minecraft:item_frame":1,"minecraft:deepslate_tile_stairs":1,"minecraft:dirt":11,"minecraft:iron_pickaxe":1,"minecraft:white_wool":1,"minecraft:bone":2,"minecraft:cobbled_deepslate":6,"born_in_chaos_v1:ethereal_spirit":1,"minecraft:rotten_flesh":17,"darkestsouls:beast_blood_clump":3,"minecraft:poppy":1,"minecraft:deepslate_tiles":4,"born_in_chaos_v1:corpse_maggot":1,"minecraft:chest":1,"darkestsouls:quicksilver":13,"minecraft:painting":7,"minecraft:arrow":1,"minecraft:written_book":2,"minecraft:bread":1,"minecraft:oak_slab":3,"minecraft:diamond_leggings":2,"minecraft:cobblestone":8,"minecraft:stick":2,"alexscaves:subterranodon_egg":1,"minecraft:diorite":1,"twilightforest:spiral_bricks":2,"minecraft:gray_bed":3,"minecraft:potion":3,"minecraft:iron_leggings":1,"minecraft:oak_stairs":2,"minecraft:wither_rose":2,"minecraft:iron_axe":1,"alexscaves:primitive_club":1,"minecraft:mossy_cobblestone_stairs":1,"minecraft:string":16,"minecraft:spruce_sapling":2,"darkestsouls:siderite_fragment":9,"minecraft:moss_carpet":21,"minecraft:cobblestone_wall":1,"minecraft:diamond_hoe":1,"minecraft:iron_hoe":1,"sophisticatedbackpacks:backpack":1,"born_in_chaos_v1:charmof_fury":1,"alexscaves:tectonic_shard":12,"alexscaves:ominous_catalyst":1,"minecraft:filled_map":1,"minecraft:shield":1,"minecraft:piglin_banner_pattern":1,"minecraft:spruce_planks":12,"minecraft:diamond_pickaxe":2,"minecraft:oak_boat":1,"minecraft:stone_bricks":3,"minecraft:spider_eye":4,"minecraft:spruce_log":30,"minecraft:magma_block":15}},"DataVersion":3465}