{"stats":{"minecraft:used":{"minecraft:oak_fence":24,"born_in_chaos_v1:spiritof_chaos_spawn_egg":1,"minecraft:iron_shovel":164,"born_in_chaos_v1:scarlet_persecutor_spawn_egg":1,"minecraft:tropical_fish":1,"minecraft:stone_pickaxe":67,"minecraft:oak_planks":69,"minecraft:wooden_pickaxe":11,"minecraft:spruce_planks":15,"minecraft:shield":3,"born_in_chaos_v1:black_argillite":1,"darkestsouls:huntsman_spawn_group_1":1,"minecraft:iron_chestplate":1,"minecraft:salmon":3,"minecraft:glow_berries":2,"minecraft:dirt":5,"minecraft:mutton":4,"minecraft:crafting_table":1,"minecraft:loom":1,"minecraft:spruce_log":3,"minecraft:lantern":1,"minecraft:oak_stairs":9,"minecraft:iron_axe":92,"minecraft:bread":5,"minecraft:iron_pickaxe":24,"minecraft:iron_helmet":1,"minecraft:spruce_sapling":1,"minecraft:stone_bricks":14,"minecraft:cobblestone":24,"minecraft:furnace":4,"minecraft:porkchop":2,"minecraft:experience_bottle":1},"minecraft:dropped":{"minecraft:oak_slab":1,"minecraft:moss_block":10,"minecraft:porkchop":3,"minecraft:cooked_porkchop":3,"sophisticatedbackpacks:backpack":1,"minecraft:stick":2,"minecraft:item_frame":1,"minecraft:spruce_planks":12,"darkestsouls:quicksilver":1,"minecraft:iron_leggings":1,"minecraft:oak_stairs":2,"minecraft:iron_axe":1,"minecraft:arrow":1},"minecraft:killed":{"minecraft:spider":1,"minecraft:sheep":3,"minecraft:zombie":1,"darkestsouls:cloaked_beast_patient":1},"minecraft:custom":{"minecraft:interact_with_furnace":29,"minecraft:mob_kills":7,"minecraft:interact_with_crafting_table":9,"minecraft:open_barrel":2,"minecraft:interact_with_loom":1,"minecraft:leave_game":1,"minecraft:time_since_death":11171,"minecraft:sleep_in_bed":2,"minecraft:climb_one_cm":936,"minecraft:time_since_rest":11202,"minecraft:sprint_one_cm":133199,"minecraft:damage_taken":455,"minecraft:walk_one_cm":305508,"minecraft:damage_blocked_by_shield":165,"minecraft:drop":17,"minecraft:damage_dealt":972,"minecraft:talked_to_villager":9,"minecraft:swim_one_cm":4424,"minecraft:fly_one_cm":300620,"minecraft:player_kills":1,"minecraft:open_chest":16,"minecraft:deaths":1,"minecraft:crouch_one_cm":6742,"minecraft:play_time":76701,"minecraft:sneak_time":2206,"minecraft:walk_under_water_one_cm":7447,"minecraft:jump":1053,"minecraft:walk_on_water_one_cm":9552,"minecraft:total_world_time":76701,"minecraft:fall_one_cm":26298},"minecraft:mined":{"minecraft:oak_slab":1,"minecraft:spruce_planks":6,"minecraft:glass_pane":1,"minecraft:spruce_door":1,"minecraft:powder_snow":2,"minecraft:oak_fence":4,"minecraft:clay":2,"minecraft:crafting_table":2,"minecraft:cave_vines_plant":2,"minecraft:grass_block":133,"born_in_chaos_v1:black_argillite":1,"minecraft:tall_grass":8,"minecraft:cobblestone":14,"minecraft:deepslate_coal_ore":1,"minecraft:oak_planks":11,"minecraft:moss_block":14,"minecraft:big_dripleaf":1,"minecraft:spawner":1,"minecraft:large_fern":3,"minecraft:hay_block":35,"minecraft:furnace":3,"minecraft:iron_ore":22,"minecraft:wheat":14,"minecraft:spruce_log":8,"minecraft:azure_bluet":1,"minecraft:grass":14,"minecraft:oak_log":6,"minecraft:coal_ore":7,"minecraft:cave_vines":1,"minecraft:dirt_path":6,"minecraft:oak_stairs":9,"minecraft:loom":1,"minecraft:dirt":4,"minecraft:stone":16,"minecraft:white_wool":3,"minecraft:cake":1},"minecraft:picked_up":{"minecraft:iron_chestplate":2,"minecraft:crafting_table":3,"minecraft:wheat":37,"minecraft:azure_bluet":2,"minecraft:clay_ball":8,"minecraft:oak_stairs":14,"darkestsouls:cinnabar":7,"minecraft:oak_log":7,"minecraft:lantern":1,"minecraft:shield":1,"born_in_chaos_v1:black_argillite":1,"minecraft:dirt":178,"minecraft:string":2,"minecraft:moss_carpet":3,"minecraft:iron_axe":2,"minecraft:item_frame":1,"minecraft:iron_leggings":3,"minecraft:armor_stand":4,"minecraft:iron_shovel":1,"minecraft:experience_bottle":1,"minecraft:bone":1,"minecraft:bow":2,"minecraft:wheat_seeds":2,"minecraft:spruce_planks":24,"minecraft:iron_ingot":3,"minecraft:iron_pickaxe":1,"minecraft:poppy":2,"minecraft:oak_planks":11,"minecraft:moss_block":18,"minecraft:coal_block":6,"minecraft:flowering_azalea":1,"minecraft:iron_boots":2,"minecraft:furnace":7,"minecraft:oak_slab":7,"minecraft:stick":2,"minecraft:raw_iron":37,"minecraft:oak_door":2,"minecraft:big_dripleaf":4,"minecraft:oak_fence":9,"sophisticatedbackpacks:backpack":1,"minecraft:porkchop":3,"minecraft:stone_button":1,"minecraft:spruce_sapling":1,"minecraft:loom":1,"minecraft:spruce_log":10,"minecraft:spruce_door":1,"minecraft:arrow":1,"darkestsouls:siderite_fragment":8,"minecraft:tropical_fish":1,"minecraft:iron_helmet":1,"minecraft:shears":1,"minecraft:hay_block":48,"minecraft:glow_berries":1,"minecraft:mutton":4,"minecraft:coal":13,"minecraft:white_wool":12,"minecraft:cobblestone":34},"minecraft:crafted":{"minecraft:oak_planks":24,"minecraft:cooked_porkchop":3,"minecraft:spruce_planks":100,"minecraft:wooden_pickaxe":1,"minecraft:stone":6,"darkestsouls:quicksilver":1,"minecraft:air":0,"minecraft:shield":2,"minecraft:iron_axe":1,"minecraft:stick":20,"minecraft:iron_ingot":14,"minecraft:iron_pickaxe":1,"minecraft:stone_pickaxe":1,"minecraft:iron_shovel":1,"minecraft:oak_fence":12,"minecraft:shears":1}},"DataVersion":3465}