{"stats":{"minecraft:used":{"born_in_chaos_v1:spiritof_chaos_spawn_egg":1,"born_in_chaos_v1:scarlet_persecutor_spawn_egg":1,"minecraft:stone_pickaxe":9,"minecraft:wooden_pickaxe":5,"minecraft:spruce_sapling":1,"darkestsouls:huntsman_spawn_group_1":1,"minecraft:salmon":1,"minecraft:dirt":1,"minecraft:cobblestone":1,"minecraft:crafting_table":1,"minecraft:spruce_log":3},"minecraft:dropped":{"sophisticatedbackpacks:backpack":1},"minecraft:killed":{"darkestsouls:cloaked_beast_patient":1},"minecraft:mined":{"minecraft:large_fern":3,"minecraft:iron_ore":4,"minecraft:spruce_log":8,"minecraft:crafting_table":1,"minecraft:dirt":2,"minecraft:stone":7},"minecraft:custom":{"minecraft:time_since_rest":16701,"minecraft:sprint_one_cm":21432,"minecraft:damage_taken":30,"minecraft:walk_one_cm":44007,"minecraft:mob_kills":1,"minecraft:drop":1,"minecraft:damage_dealt":334,"minecraft:player_kills":1,"minecraft:interact_with_crafting_table":2,"minecraft:fly_one_cm":180742,"minecraft:open_barrel":2,"minecraft:crouch_one_cm":816,"minecraft:play_time":16701,"minecraft:sneak_time":609,"minecraft:walk_under_water_one_cm":3120,"minecraft:jump":300,"minecraft:leave_game":1,"minecraft:time_since_death":16701,"minecraft:walk_on_water_one_cm":1688,"minecraft:total_world_time":16701,"minecraft:fall_one_cm":8693},"minecraft:picked_up":{"minecraft:raw_iron":4,"minecraft:crafting_table":1,"sophisticatedbackpacks:backpack":1,"minecraft:spruce_sapling":1,"minecraft:spruce_log":10,"minecraft:dirt":2,"minecraft:cobblestone":6},"minecraft:crafted":{"minecraft:spruce_planks":28,"minecraft:stick":4,"minecraft:wooden_pickaxe":1,"minecraft:stone_pickaxe":1}},"DataVersion":3465}